,sheep_grains_beef_and_dairy_cattle,poultry_and_other_livestock,other_agriculture,aquaculture,forestry_and_logging,fishing_hunting_and_trapping,agriculture_forestry_and_fishing_support_services,coal_mining,oil_and_gas_extraction,iron_ore_mining,non-ferrous_metal_ore_mining,non-metallic_mineral_mining,exploration_and_mining_support_services,meat_and_meat_product_manufacturing,processed_seafood_manufacturing,dairy_product_manufacturing,fruit_and_vegetable_product_manufacturing,oils_and_fats_manufacturing,grain_mill_and_cereal_product_manufacturing,bakery_product_manufacturing,sugar_and_confectionery_manufacturing,other_food_product_manufacturing,soft_drinks_cordials_and_syrup_manufacturing,beer_manufacturing,wine_spirits_and_tobacco,textile_manufacturing,tanned_leather_dressed_fur_and_leather_product_manufacturing,textile_product_manufacturing,knitted_product_manufacturing,clothing_manufacturing,footwear_manufacturing,sawmill_product_manufacturing,other_wood_product_manufacturing,pulp_paper_and_paperboard_manufacturing,paper_stationery_and_other_converted_paper_product_manufacturing,printing_(including_the_reproduction_of_recorded_media),petroleum_and_coal_product_manufacturing,human_pharmaceutical_and_medicinal_product_manufacturing,veterinary_pharmaceutical_and_medicinal_product_manufacturing,basic_chemical_manufacturing,cleaning_compounds_and_toiletry_preparation_manufacturing,polymer_product_manufacturing,natural_rubber_product_manufacturing,glass_and_glass_product_manufacturing,ceramic_product_manufacturing,cement_lime_and_ready-mixed_concrete_manufacturing,plaster_and_concrete_product_manufacturing,other_non-metallic_mineral_product_manufacturing,iron_and_steel_manufacturing,basic_non-ferrous_metal_manufacturing,forged_iron_and_steel_product_manufacturing,structural_metal_product_manufacturing,metal_containers_and_other_sheet_metal_product_manufacturing,other_fabricated_metal_product_manufacturing,motor_vehicles_and_parts;_other_transport_equipment_manufacturing,ships_and_boat_manufacturing,railway_rolling_stock_manufacturing,aircraft_manufacturing,professional_scientific_computer_and_electronic_equipment_manufacturing,electrical_equipment_manufacturing,domestic_appliance_manufacturing,specialised_and_other_machinery_and_equipment_manufacturing,furniture_manufacturing,other_manufactured_products,electricity_generation,electricity_transmission_distribution_on_selling_and_electricity_market_operation,gas_supply,water_supply_sewerage_and_drainage_services,waste_collection_treatment_and_disposal_services,residential_building_construction,non_residential_building_construction,heavy_and_civil_engineering_construction,construction_services,wholesale_trade,retail_trade,accommodation,food_and_beverage_services,road_transport,rail_transport,water_pipeline_and_other_transport,air_and_space_transport,postal_and_courier_pick-up_and_delivery_service,transport_support_services_and_storage,publishing_(except_internet_and_music_publishing),motion_picture_and_sound_recording,broadcasting_(except_internet),internet_service_providers_internet_publishing_and_broadcasting_websearch_portals_and_data_processing,telecommunication_services,library_and_other_information_services,finance,insurance_and_superannuation_funds,auxiliary_finance_and_insurance_services,rental_and_hiring_services_(except_real_estate),ownership_of_dwellings,non-residential_property_operators_and_real_estate_services,professional_scientific_and_technical_services,computer_systems_design_and_related_services,employment_travel_agency_and_other_administrative_services,building_cleaning_pest_control_and_other_support_services,public_administration_and_regulatory_services,defence,public_order_and_safety,primary_and_secondary_education_services_(including_pre-schools_and_special_schools),technical_vocational_and_tertiary_education_services_(including_undergraduate_and_postgraduate),arts_sports_adult_and_other_education_services_(including_community_education),health_care_services,residential_care_and_social_assistance_services,heritage_creative_and_performing_arts,sports_and_recreation,gambling,automotive_repair_and_maintenance,other_repair_and_maintenance,personal_services,other_services,Total Industry Uses,Households ; Final Consumption Expenditure,General Government ; Final Consumption Expenditure,Private ; Gross Fixed Capital Formation,Public Corporations ; Gross Fixed Capital Formation,General Government ; Gross Fixed Capial Formation,Changes in Inventories,Exports of Goods and Services,Final Uses (Q1 to Q7),Total Supply,,,,,,,,,,
sheep_grains_beef_and_dairy_cattle,2773.74,336.03,345.62,1.01,0.18,1.16,18.90,1.20,0.58,0.74,1.53,0.12,0.21,16926.31,0.57,4677.61,4.00,84.59,2039.37,88.60,28.66,90.84,16.16,449.98,256.34,223.46,63.43,849.85,0.00,0.03,0.01,5.42,4.55,0.34,1.21,0.41,0.98,46.76,58.66,63.15,31.04,1.25,0.03,0.67,0.13,2.32,0.44,0.56,1.14,4.83,0.11,2.04,0.35,0.78,1.03,0.29,0.27,0.49,0.71,0.44,0.18,0.92,0.80,0.49,0.89,0.30,0.03,0.53,0.30,10.51,6.40,3.82,25.62,302.47,1153.55,42.03,71.47,1.73,0.29,0.11,3.44,0.98,4.93,0.31,0.22,0.09,0.09,0.76,0.01,0.25,0.29,0.26,0.24,0.20,836.24,37.02,0.26,0.29,6.06,4.28,0.72,7.63,1.36,1.97,0.17,8.18,39.94,0.14,0.81,0.46,1.00,0.87,3.29,132.68,32229.07,278.47,10.38,1803.60,77.45,232.74,-174.22,9960.51,12188.93,44418.00,,,,,,,,,,
poultry_and_other_livestock,56.57,140.34,139.94,0.12,0.03,4.75,1.27,0.26,0.13,0.16,0.33,0.03,0.05,4470.64,0.19,113.65,0.34,0.77,2.58,47.41,22.73,158.74,0.14,0.17,0.14,0.02,0.09,0.08,0.00,0.00,0.00,1.16,0.98,0.07,0.09,0.09,0.21,9.39,0.11,0.44,0.46,0.27,0.01,0.14,0.03,0.50,0.09,0.12,0.25,1.03,0.02,0.44,0.08,0.17,0.22,0.06,0.06,0.11,0.15,0.09,0.04,0.19,0.17,0.09,0.19,0.06,0.01,0.11,0.06,2.25,1.37,0.82,5.46,174.32,448.77,73.94,202.50,0.37,0.06,0.02,0.74,0.21,0.06,0.07,1.86,0.02,0.02,0.15,0.00,0.03,0.03,0.05,0.05,0.04,73.15,4.82,0.04,0.05,0.05,0.48,0.15,4.80,18.09,24.59,1.80,39.70,14.31,0.03,70.44,19.28,0.20,0.19,1.05,0.03,6365.87,854.23,1.01,1280.65,3.65,6.75,-15.94,267.78,2398.13,8764.00,,,,,,,,,,
other_agriculture,2752.48,561.29,610.89,1.34,0.24,0.52,2014.00,0.49,0.24,0.30,0.63,0.05,0.09,25.30,0.66,14.09,951.34,22.67,3.61,96.49,1549.10,862.69,21.41,3.11,2155.82,2.36,0.58,2.34,0.00,0.06,0.23,2.82,2.95,0.55,2.87,1.21,0.40,3.94,0.04,1.97,0.36,300.78,19.21,1.65,1.05,2.71,0.99,0.81,0.47,1.97,0.05,1.15,0.23,0.61,0.42,0.12,0.11,0.20,0.29,0.18,0.07,0.37,15.45,0.17,2.00,2.04,0.11,11.86,0.12,98.97,47.76,32.52,448.83,72.15,513.31,218.00,867.83,3.86,5.29,7.29,5.55,5.78,30.77,0.13,20.70,0.04,0.03,0.29,0.29,1.56,0.06,0.10,23.60,0.08,104.46,17.26,0.08,10.75,6.73,27.32,7.50,14.18,26.72,46.60,7.07,176.21,67.88,17.57,135.42,104.46,3.78,2.75,83.32,2.10,15303.64,7996.15,4.03,1015.83,24.15,88.56,71.68,2313.95,11514.36,26818.00,,,,,,,,,,
aquaculture,0.03,0.01,0.02,49.54,0.00,0.01,0.02,0.08,0.15,0.02,0.13,0.01,0.01,0.00,241.28,0.00,0.00,109.93,0.39,26.01,13.54,245.13,0.01,0.00,0.00,0.00,0.00,0.00,0.00,0.00,0.00,0.00,0.00,0.01,0.01,0.01,0.03,0.00,0.00,0.01,0.00,0.02,0.00,0.00,0.00,0.02,0.01,0.00,0.01,0.01,0.00,0.02,0.00,0.01,0.02,0.02,0.00,0.00,0.02,0.00,0.00,0.01,0.00,0.01,0.01,0.03,0.01,0.01,0.00,0.09,0.03,0.11,0.33,11.00,302.44,113.04,181.23,0.04,0.01,0.01,0.01,0.01,0.04,0.00,0.00,0.00,0.15,0.01,0.00,0.01,0.01,0.01,0.03,0.00,0.06,0.26,0.14,0.14,0.06,0.02,0.01,0.04,0.02,0.03,0.00,0.05,0.02,0.00,0.48,11.50,0.04,0.10,0.03,0.00,1308.27,683.37,0.00,9.57,0.09,2.34,12.61,74.75,782.73,2091.00,,,,,,,,,,
forestry_and_logging,35.94,10.87,18.84,0.48,229.02,0.05,0.24,5.47,8.72,0.56,2.46,0.20,0.25,0.98,0.03,0.48,0.20,0.12,0.51,0.25,0.38,0.42,0.53,0.10,0.11,0.01,0.05,0.06,0.00,0.02,0.03,1877.35,777.46,0.22,0.37,3.29,8.12,25.34,0.05,98.42,28.35,32.69,0.02,0.22,0.10,0.88,0.47,0.10,0.33,0.68,0.02,0.84,0.18,0.36,0.80,0.59,0.20,0.05,0.80,0.12,0.06,0.32,0.23,0.38,0.09,0.37,0.02,0.54,0.03,2.75,1.41,1.29,7.77,0.69,0.67,0.23,0.87,1.23,2.35,0.19,0.52,0.32,0.10,0.03,0.02,0.01,5.66,0.07,0.01,0.41,0.34,0.41,1.01,0.02,54.12,9.26,5.27,5.20,1.07,0.28,0.42,1.00,0.67,1.20,0.18,1.08,0.57,0.01,0.29,0.17,1.68,1.49,0.31,0.10,3290.57,69.24,70.00,32.26,0.36,8.04,79.78,542.75,802.43,4093.00,,,,,,,,,,
fishing_hunting_and_trapping,26.28,7.63,24.56,0.69,0.06,6.54,2.07,7.07,19.04,1.96,12.04,0.88,0.39,0.31,362.16,0.15,0.09,0.56,0.55,0.37,0.07,23.23,2.32,0.02,0.03,0.00,16.60,0.02,0.00,0.00,0.00,0.17,0.20,0.08,0.33,0.25,2.85,0.03,0.00,0.15,0.01,0.18,0.01,0.05,0.01,0.23,0.06,0.02,1.16,0.16,0.05,0.91,0.06,0.21,0.78,0.48,0.05,0.01,0.08,0.02,0.01,0.09,0.03,0.09,1.86,3.33,1.20,0.04,0.12,8.36,2.23,14.43,32.02,26.27,497.98,37.93,94.84,1.86,0.98,0.06,0.53,1.10,6.27,0.02,0.19,0.06,0.31,0.91,0.00,0.03,0.02,0.03,1.33,0.01,1.47,2.11,0.29,0.64,4.67,8.26,0.41,1.65,0.38,0.50,0.02,4.77,1.61,2.69,1.53,2.44,0.36,9.84,3.51,0.01,1305.96,652.55,24.00,24.25,0.25,5.97,28.55,914.47,1650.04,2956.00,,,,,,,,,,
agriculture_forestry_and_fishing_support_services,2432.97,142.00,2707.59,30.37,612.73,198.77,145.36,20.26,12.76,26.10,144.25,8.66,0.35,1.08,0.03,0.43,0.19,0.07,0.45,0.26,0.22,0.40,0.26,0.09,0.09,0.01,0.05,0.05,0.00,0.01,0.01,0.61,0.55,0.14,0.36,0.26,2.05,0.13,0.01,0.39,0.05,0.46,0.02,0.15,0.05,0.57,0.21,0.08,0.92,0.60,0.05,0.98,0.12,0.30,0.82,0.52,0.11,0.06,0.36,0.09,0.04,0.23,0.15,0.16,1.28,2.28,0.79,0.23,0.10,6.89,2.27,9.92,24.60,8.30,1.81,0.62,1.06,5.26,0.72,0.11,0.73,0.88,5.34,0.07,0.15,0.05,2.02,1.32,0.00,1.85,2.37,0.47,1.22,0.02,1.66,8.23,2.65,2.37,3.37,41.17,0.53,2.64,0.66,0.95,0.11,3.66,1.41,0.32,0.82,0.45,0.82,6.85,2.43,0.06,6661.38,7.02,524.16,82.76,1.17,20.11,-1509.34,2577.74,1703.62,8365.00,,,,,,,,,,
coal_mining,24.98,3.09,9.62,0.57,0.20,0.72,3.19,1460.97,254.88,637.36,1078.67,166.15,19.03,7.12,0.10,2.03,2.94,1.69,10.76,1.37,6.75,4.39,4.34,2.23,2.07,2.08,0.07,0.72,0.01,0.14,0.13,0.74,1.92,12.64,7.62,1.96,13.72,9.74,0.50,22.32,1.85,4.42,0.17,1.39,0.15,24.59,0.55,0.97,1052.95,480.14,0.39,45.67,34.37,4.10,5.04,1.24,0.40,1.17,1.08,0.68,0.16,2.37,0.90,0.29,2140.33,6.75,3.51,2.14,2.57,45.92,9.10,43.87,52.07,107.35,29.51,6.92,10.21,19.27,10.71,2.81,2.65,4.28,29.32,0.89,2.40,0.77,4.70,13.95,0.05,8.45,8.91,26.43,6.69,88.52,27.27,165.64,36.50,80.83,4.14,38.27,34.70,3.59,9.50,11.89,1.94,17.27,7.57,1.35,2.95,2.99,6.36,7.52,6.03,0.30,8602.18,50.94,37.51,120.41,13.17,39.63,-758.69,66592.86,66095.82,74698.00,,,,,,,,,,
oil_and_gas_extraction,55.97,3.18,15.89,5.75,0.41,1.81,6.22,542.22,916.99,441.38,500.70,82.19,19.16,84.77,0.56,98.13,24.99,49.81,47.60,41.54,45.33,95.47,28.25,26.49,45.67,0.56,0.27,5.87,0.43,2.62,0.33,10.49,66.01,114.47,124.04,30.22,733.17,7.37,1.10,2102.20,8.56,203.11,17.39,204.82,36.99,45.53,99.34,28.56,143.62,640.42,11.21,65.79,33.69,40.46,22.70,6.41,8.82,9.10,10.34,5.03,3.67,15.92,4.69,3.90,1880.51,21.98,35.99,16.01,2.70,203.92,194.63,85.62,332.67,247.76,81.31,30.16,508.04,256.95,14.17,13.17,3.92,137.20,56.97,24.07,10.89,0.99,1.96,37.87,0.04,7.82,3.25,5.88,58.51,62.94,56.29,176.28,6.03,50.36,8.72,138.87,45.81,18.85,66.27,47.37,9.02,129.87,123.82,3.28,11.45,8.03,20.50,22.89,29.73,10.45,13371.45,4718.39,11.86,1933.72,191.89,666.17,-223.48,57718.01,65016.55,78388.00,,,,,,,,,,
iron_ore_mining,36.76,3.67,20.29,2.22,0.41,3.26,8.49,263.26,85.92,94.27,138.94,7.64,4.48,5.16,0.32,3.51,1.37,0.52,13.15,1.93,4.09,4.01,6.43,3.30,3.29,0.28,0.09,1.13,0.07,0.20,0.14,1.09,2.54,2.87,10.79,3.45,20.26,13.43,0.75,13.97,4.27,7.24,0.61,1.59,0.34,7.62,1.04,0.24,936.52,84.92,1.01,24.58,7.00,6.48,9.15,3.25,0.62,2.87,1.03,1.01,0.27,3.13,1.17,0.58,20.09,16.83,10.05,4.75,33.02,65.08,15.44,96.37,178.41,381.07,102.71,6.36,34.54,120.91,79.07,19.20,7.04,16.07,116.66,2.19,7.50,1.55,13.25,35.11,0.14,16.38,12.70,78.11,34.57,1.04,44.58,455.44,98.38,229.58,22.78,43.43,4.50,11.57,23.04,25.08,6.07,34.82,15.80,4.66,10.24,8.94,10.31,35.19,19.44,0.67,4525.03,78.25,14.55,314.78,37.06,123.19,1948.23,73546.92,76062.97,80588.00,,,,,,,,,,
non-ferrous_metal_ore_mining,15.86,2.30,9.91,0.27,0.20,0.29,2.58,179.89,92.07,103.56,192.76,24.31,25.08,5.42,0.09,2.39,0.75,0.33,0.96,0.72,6.59,1.21,1.17,1.38,1.58,0.20,0.07,0.66,0.23,0.69,0.24,2.20,4.76,5.19,2.13,1.12,6.76,4.85,0.17,257.03,6.69,4.33,1.60,2.25,1.97,487.22,13.82,139.95,611.88,28483.68,0.77,4.12,0.80,1.53,4.41,0.71,0.74,1.52,0.80,1.13,0.38,3.22,1.96,1.88,8.74,19.26,2.45,15.93,1.47,179.84,136.76,94.54,420.99,60.55,40.66,10.88,24.78,5.78,7.38,1.39,1.73,2.21,20.50,1.33,2.38,0.83,2.83,13.62,0.06,7.79,8.18,12.50,18.03,31.89,29.98,90.63,19.77,33.33,2.78,83.01,13.14,3.42,7.22,6.86,1.69,20.30,6.34,0.82,2.01,2.24,2.66,3.07,3.59,0.81,32224.22,219.55,6.00,641.83,72.08,241.32,633.68,16029.32,17843.78,50068.00,,,,,,,,,,
non-metallic_mineral_mining,12.55,1.90,7.26,0.28,0.12,0.43,1.67,56.64,28.10,31.37,86.15,9.61,15.13,3.19,0.12,1.53,0.90,0.24,1.33,0.97,1.36,62.05,1.27,0.38,0.70,0.04,0.13,0.30,0.02,0.06,0.06,1.53,2.01,0.36,0.56,0.72,3.79,1.38,0.04,33.38,0.40,2.32,0.19,241.81,106.08,669.25,54.49,211.94,118.09,4.31,31.10,6.12,1.90,13.13,1.57,0.57,0.78,1.38,0.92,2.48,0.42,4.29,0.71,45.85,3.53,5.83,2.39,15.27,14.32,161.12,146.65,192.32,2164.83,53.75,26.82,2.72,7.34,8.21,2.52,1.99,2.38,1.73,12.97,0.52,1.92,0.32,3.53,17.01,0.62,4.03,2.75,22.37,5.19,21.48,21.11,147.01,39.01,71.13,5.47,24.60,6.63,3.63,7.09,9.00,2.76,21.61,8.08,1.94,9.34,12.01,3.08,4.07,6.25,0.45,5200.41,64.49,5.40,71.07,3.39,17.53,151.71,1152.00,1465.59,6666.00,,,,,,,,,,
exploration_and_mining_support_services,34.86,4.52,14.11,0.61,1.19,0.88,3.24,4370.72,786.38,1984.17,3457.31,516.13,58.34,2.85,0.19,7.62,1.61,0.77,5.66,2.69,4.79,8.10,10.67,6.31,4.77,0.30,0.11,0.86,0.03,0.24,0.44,0.93,3.61,2.74,22.54,4.85,12.72,28.86,1.29,9.04,5.36,11.91,0.38,1.56,0.26,14.81,1.16,0.43,8.48,5.34,0.81,41.03,14.38,9.90,12.03,2.46,0.85,1.27,2.12,1.54,0.32,5.39,2.15,0.79,4.59,7.43,1.53,3.52,13.41,47.29,20.89,52.80,53.47,151.70,41.00,9.59,11.80,58.42,11.34,3.98,3.13,13.40,54.69,1.89,1.08,0.77,0.66,44.96,0.05,11.36,9.53,3.40,6.03,116.65,27.30,43.71,14.07,19.68,4.44,51.33,45.73,6.16,12.19,19.17,4.27,29.97,9.88,2.56,2.77,2.29,11.26,5.63,5.37,0.51,12600.46,114.63,169.11,3738.33,4.18,52.74,0.01,203.53,4282.54,16883.00,,,,,,,,,,
meat_and_meat_product_manufacturing,140.52,67.73,3.18,6.08,0.20,2.26,5.96,5.40,14.38,4.33,11.55,0.66,1.40,590.60,2.24,7.83,80.33,28.42,32.37,582.31,39.04,782.00,6.63,1.37,2.05,0.06,290.37,1.35,0.00,0.08,0.18,2.38,2.20,1.00,1.19,0.75,2.33,3.63,1.43,64.67,14.51,1.21,0.17,0.59,0.25,1.44,0.41,0.32,1.62,3.21,0.11,1.86,0.28,0.79,1.39,0.58,0.29,0.59,1.05,0.92,0.19,1.69,1.01,8.95,1.61,2.90,0.69,1.92,17.25,12.85,11.50,18.79,90.61,762.48,438.69,404.95,6167.97,4.02,3.06,0.58,2.74,3.81,10.07,0.28,0.61,0.27,0.34,3.55,0.01,0.72,1.28,1.49,7.85,1.61,4.89,73.70,2.08,22.11,12.90,9.82,7.20,29.17,30.03,43.93,2.64,262.85,266.39,2.94,37.62,11.04,22.77,6.61,13.55,19.65,11690.28,9378.31,0.15,130.18,2.48,32.59,-969.78,12682.80,21256.73,32947.00,,,,,,,,,,
processed_seafood_manufacturing,1.56,0.16,0.67,4.55,0.09,1.84,1.58,2.61,2.13,0.79,6.98,0.26,1.24,1.38,0.52,2.55,5.80,0.24,2.26,8.81,1.34,40.80,0.25,0.33,0.12,0.02,0.03,0.20,0.00,0.03,0.05,0.32,0.75,0.14,0.34,0.30,1.35,1.81,0.02,4.74,1.56,0.61,0.03,0.10,0.03,0.75,0.11,0.05,0.33,0.22,0.03,0.66,0.11,0.36,0.54,0.25,0.12,0.36,0.48,0.19,0.05,0.78,0.27,0.09,0.47,0.74,0.13,0.47,0.28,3.79,1.63,1.93,7.27,26.17,21.64,8.31,48.08,1.42,0.29,0.16,0.55,0.89,1.61,0.11,0.10,0.08,0.65,2.66,0.00,0.85,0.33,0.37,0.51,0.11,1.68,3.27,0.83,1.54,1.19,2.15,3.42,3.36,3.33,5.76,0.53,18.87,27.04,0.19,0.95,4.41,1.21,1.24,0.77,0.08,320.45,490.27,0.48,9.93,0.33,1.99,-7.34,398.89,894.55,1215.00,,,,,,,,,,
dairy_product_manufacturing,48.68,17.12,1.36,0.37,0.06,0.18,0.69,2.80,4.94,4.88,15.54,0.39,1.20,17.53,0.28,1761.32,14.35,88.34,15.15,151.45,109.03,340.30,7.93,0.23,7.97,0.08,0.08,0.22,0.03,0.05,0.11,0.66,0.79,0.20,0.46,0.33,1.03,25.68,0.04,2.81,21.21,0.85,0.05,0.34,0.14,0.99,0.38,0.85,0.48,0.70,0.03,0.88,0.15,0.36,1.38,1.32,1.23,1.52,1.64,0.76,0.26,0.81,0.39,1.97,0.73,1.47,0.25,4.91,31.34,14.08,9.37,11.26,32.52,51.65,205.06,84.13,443.61,3.40,2.03,0.24,0.84,9.45,2.90,0.20,0.62,0.08,2.74,3.96,0.01,1.89,2.38,1.99,3.09,7.55,8.82,64.65,7.94,32.57,14.02,4.93,8.74,41.56,44.55,68.57,9.49,355.87,429.05,2.56,1.86,18.31,12.22,5.04,20.35,29.28,4797.48,6146.93,0.32,49.51,0.62,11.91,138.23,2837.00,9184.52,13982.00,,,,,,,,,,
fruit_and_vegetable_product_manufacturing,2.11,0.50,0.84,1.75,0.19,1.59,4.31,1.68,7.61,1.63,3.20,0.23,3.92,47.52,0.42,21.38,41.50,1.25,18.68,95.63,6.14,155.31,3.20,0.27,0.29,0.03,0.04,0.19,0.00,0.04,0.05,0.33,0.58,0.15,0.23,0.24,0.42,1.24,0.08,2.12,0.77,0.35,0.04,0.10,0.03,0.25,0.11,0.06,0.36,0.37,0.03,0.65,0.11,0.39,0.84,0.34,0.16,0.39,0.60,0.26,0.08,0.92,0.28,0.07,0.41,0.61,0.13,0.33,0.39,4.73,1.64,2.55,8.15,8.27,25.67,16.71,162.55,1.54,0.71,0.09,0.51,0.51,1.00,0.10,0.14,0.11,0.10,0.87,0.00,0.47,0.54,0.25,0.53,4.42,1.29,1.78,0.37,0.74,0.60,2.48,14.70,12.58,8.03,10.91,1.15,41.61,61.33,0.56,1.94,6.33,1.66,1.50,1.02,3.49,852.54,2244.94,0.03,36.94,2.13,9.84,43.57,1554.02,3891.46,4744.00,,,,,,,,,,
oils_and_fats_manufacturing,2.99,0.72,1.55,0.22,0.06,0.29,0.69,2.23,4.80,0.73,3.88,0.27,0.20,1.13,1.77,19.66,43.41,305.15,10.18,134.44,21.03,93.08,1.85,0.91,0.06,0.01,0.03,0.19,0.00,0.04,0.05,0.12,0.25,0.07,0.17,0.16,0.79,11.59,0.13,9.94,3.06,18.20,0.03,0.05,0.02,0.12,0.05,0.03,0.41,0.09,0.06,0.56,0.08,0.27,0.47,0.21,0.09,0.18,0.29,0.12,0.05,0.46,0.14,0.03,0.56,0.93,0.31,0.11,0.16,3.47,1.21,4.04,10.71,3.57,9.39,5.25,32.17,1.09,0.33,0.06,0.31,0.40,1.57,0.05,0.10,0.05,0.03,0.46,0.00,0.05,0.04,0.08,0.38,0.05,0.38,1.04,0.06,0.22,1.21,0.54,1.49,0.73,4.16,7.23,0.58,9.81,15.56,0.17,0.52,1.19,0.83,2.88,1.08,0.06,826.59,428.00,0.00,12.03,0.26,2.63,22.48,530.01,995.41,1822.00,,,,,,,,,,
grain_mill_and_cereal_product_manufacturing,16.90,14.20,9.67,1.31,0.93,0.93,2.54,2.24,2.77,1.19,3.72,0.26,1.63,22.84,0.36,23.91,58.74,2.60,94.06,594.87,123.24,141.84,28.50,10.83,0.32,0.06,0.09,0.60,0.00,0.14,0.15,0.46,1.01,0.21,0.41,0.46,0.43,0.88,0.31,0.83,0.20,0.76,0.10,0.20,0.09,0.42,0.49,0.13,0.57,0.35,0.13,1.42,0.26,0.91,1.29,0.44,0.34,0.75,1.30,0.55,0.32,1.98,0.59,0.13,0.47,0.53,0.06,0.48,0.74,6.72,3.13,2.49,14.73,11.81,160.52,94.93,228.66,2.93,0.42,0.19,0.90,0.62,0.27,0.21,0.24,0.17,0.15,1.22,0.01,0.43,0.48,0.46,0.38,0.50,0.30,2.98,0.45,0.72,0.46,1.05,10.92,13.87,15.97,27.27,3.16,95.88,173.33,0.64,7.69,12.03,3.54,2.53,1.25,0.26,2089.23,2335.78,0.00,44.18,1.09,9.39,14.51,1504.81,3909.77,5999.00,,,,,,,,,,
bakery_product_manufacturing,4.80,2.38,3.68,0.55,0.17,0.55,1.68,17.38,3.98,7.75,31.99,1.25,14.17,4.75,0.57,29.04,20.94,1.76,20.43,210.83,36.64,63.02,2.97,2.36,0.40,0.03,0.03,1.19,0.00,0.04,0.04,0.36,0.93,1.56,2.08,0.82,22.66,3.34,0.17,3.06,1.28,2.21,1.97,0.53,0.17,1.07,0.27,0.16,1.80,0.35,0.51,2.70,1.00,2.10,0.99,2.13,1.70,4.80,1.84,5.00,0.28,2.67,1.08,0.14,0.57,0.84,2.53,1.41,14.68,3.68,1.58,2.17,18.32,38.01,124.89,68.21,835.31,2.17,1.47,4.69,0.48,2.81,0.66,0.10,0.70,0.08,0.41,0.81,0.00,0.28,0.27,0.32,1.63,0.38,1.61,21.80,0.58,5.91,3.43,7.32,33.37,16.52,42.75,81.48,8.37,45.46,147.48,1.54,4.29,17.78,2.17,1.89,6.34,3.48,2140.17,5003.21,0.00,28.40,0.56,6.37,206.98,797.30,6042.83,8183.00,,,,,,,,,,
sugar_and_confectionery_manufacturing,8.15,3.19,3.76,1.54,0.08,0.88,2.20,12.75,20.69,8.77,37.50,1.57,3.11,1.63,2.37,97.57,15.33,2.63,130.23,344.67,825.51,441.51,217.85,32.57,10.35,0.02,0.03,0.21,0.02,0.09,0.10,0.38,1.24,0.90,1.52,1.04,8.27,21.51,0.01,1.98,4.04,2.89,0.14,0.58,0.25,3.45,1.09,0.12,1.58,2.29,0.09,3.22,1.01,2.18,2.33,1.82,0.50,0.63,1.86,1.83,0.65,1.41,0.76,1.77,2.73,5.28,1.41,2.33,0.89,17.82,3.92,13.63,35.77,24.27,79.18,118.16,708.62,11.76,4.21,1.89,2.06,4.29,8.24,0.53,3.14,0.18,14.04,14.56,0.04,6.29,5.81,12.28,5.02,18.22,11.86,72.76,26.51,27.56,14.03,13.97,23.82,19.86,14.97,20.28,2.20,27.84,152.72,8.10,35.05,21.16,4.91,8.60,11.38,0.82,3945.17,2473.43,0.66,77.95,7.29,26.76,-16.75,2079.49,4648.83,8594.00,,,,,,,,,,
other_food_product_manufacturing,655.51,417.44,6.86,65.89,0.86,18.28,48.60,6.65,12.42,3.66,10.59,0.78,7.05,18.17,2.25,152.65,102.65,8.73,71.86,319.40,93.85,416.21,8.98,2.20,1.49,0.17,0.28,1.17,0.02,0.26,0.29,2.59,3.93,0.72,1.34,1.40,1.91,3.30,1.88,19.12,6.22,2.27,0.21,0.67,0.21,1.75,0.96,0.42,1.91,2.28,0.19,4.13,0.70,2.41,3.91,1.39,0.95,2.26,4.09,1.88,0.65,6.09,2.17,0.56,1.57,1.79,1.35,2.11,23.75,21.31,10.52,8.28,61.13,46.47,219.01,61.79,405.17,9.12,1.43,0.40,3.30,3.17,1.56,0.65,10.55,0.48,1.48,3.97,0.03,1.59,1.75,1.43,1.92,0.63,2.04,12.27,2.37,5.67,3.35,18.93,49.85,52.96,27.31,47.37,3.97,76.72,216.75,30.51,593.48,35.52,11.00,8.60,51.24,3.45,4700.77,4992.22,0.00,98.12,2.90,20.55,303.20,2330.25,7747.24,12448.00,,,,,,,,,,
soft_drinks_cordials_and_syrup_manufacturing,3.18,0.65,1.17,0.24,0.12,0.27,0.73,2.74,3.78,2.09,6.43,0.42,0.25,0.65,0.08,26.12,29.06,2.16,1.16,5.57,4.09,9.44,44.95,0.16,2.93,0.03,0.03,0.78,0.00,0.05,0.05,0.12,1.09,0.11,0.93,0.96,0.72,1.04,0.03,0.45,0.57,0.69,0.36,0.10,0.04,0.30,0.13,0.05,0.93,0.11,0.03,0.81,0.13,0.45,1.06,0.53,0.36,0.82,0.65,0.23,0.06,1.00,0.31,0.08,0.54,0.93,0.25,0.30,0.61,5.88,1.82,3.64,11.50,4.34,6.91,3.70,47.10,3.75,1.14,0.25,0.58,0.63,1.46,0.14,0.18,0.12,0.56,1.70,0.01,0.93,5.04,2.68,0.57,4.43,1.73,6.12,1.60,1.80,1.57,2.40,10.08,1.59,1.93,2.59,0.29,11.11,21.85,0.53,14.90,20.41,2.33,2.63,1.58,4.88,388.19,4298.23,0.03,24.46,0.64,5.08,-35.84,740.20,5032.81,5421.00,,,,,,,,,,
beer_manufacturing,10.39,0.27,2.18,0.10,0.02,0.22,7.60,1.49,3.51,0.62,7.20,0.64,0.02,0.06,0.05,0.21,0.14,0.15,0.10,0.22,0.17,0.25,11.01,134.60,4.26,0.00,0.00,0.69,0.00,0.00,0.00,0.19,0.55,0.65,0.12,0.39,0.03,0.13,0.05,0.13,0.07,0.57,0.16,0.25,0.10,0.09,0.22,0.04,0.96,0.06,0.08,0.42,0.11,0.20,0.17,0.68,0.02,0.02,0.08,0.14,0.02,0.55,0.05,0.33,0.01,0.03,0.00,0.40,0.02,0.91,0.07,0.84,1.15,4.64,4.73,208.33,856.31,0.99,0.82,0.01,10.19,0.04,0.05,0.01,0.01,0.01,0.08,0.11,0.00,11.89,0.03,0.05,0.96,0.00,0.88,1.06,0.13,0.67,0.32,15.20,5.74,0.80,0.06,14.79,0.79,0.57,1.70,0.01,4.36,31.97,0.94,0.35,1.22,0.36,1378.41,2483.94,0.00,9.14,0.10,2.21,-73.11,614.31,3036.59,4415.00,,,,,,,,,,
wine_spirits_and_tobacco,2.54,0.48,3.71,0.87,0.17,0.38,1.49,4.18,3.60,2.25,9.60,1.02,1.81,1.19,0.12,1.03,1.32,0.32,0.99,0.88,1.96,1.68,0.89,1.47,116.46,0.04,0.07,1.36,0.00,0.07,0.08,0.46,1.03,1.69,1.18,1.50,2.68,9.08,0.05,4.36,0.39,12.87,0.60,1.45,0.16,1.45,0.77,0.35,1.45,0.34,0.16,1.77,0.82,1.96,1.31,0.81,0.57,1.06,1.29,0.63,0.30,1.86,0.72,0.61,0.93,1.47,0.35,2.55,0.67,6.48,3.81,5.02,16.33,5.74,4.82,44.68,348.17,2.88,0.81,0.17,3.97,0.63,1.09,0.33,0.33,0.13,1.02,1.89,0.01,16.51,0.93,0.49,0.74,0.17,1.81,7.79,2.18,2.26,1.25,10.50,1.83,1.24,1.89,8.75,0.71,6.12,2.81,0.36,1.08,6.44,3.39,2.70,1.59,0.21,755.81,2924.10,8.94,59.75,5.87,18.93,-26.62,2682.22,5673.19,6429.00,,,,,,,,,,
textile_manufacturing,0.18,0.03,0.09,0.15,0.01,0.25,0.21,0.57,0.11,0.05,0.95,0.10,0.03,1.81,0.01,0.09,0.05,0.02,0.06,0.06,0.05,0.10,0.33,0.10,0.15,6.63,0.02,24.72,0.00,0.87,0.07,0.08,2.90,0.06,2.60,4.27,0.56,15.90,0.05,2.63,1.85,55.19,0.09,0.08,0.00,0.08,0.04,0.74,0.26,0.05,0.01,0.27,0.18,0.39,0.43,1.81,0.44,0.57,0.82,4.64,0.22,0.62,4.57,0.18,0.03,0.04,0.00,0.54,0.09,0.90,0.65,0.62,2.23,0.36,0.81,0.09,0.29,0.31,0.04,0.02,0.06,0.07,0.05,0.01,0.01,0.01,0.02,0.11,0.00,0.03,0.01,0.02,0.03,0.06,0.02,0.54,0.02,0.06,0.06,0.05,0.11,0.08,9.72,5.62,0.01,2.09,1.62,0.01,0.06,0.04,0.20,0.70,0.12,0.06,169.16,12.14,0.00,2.45,0.05,0.57,1.19,307.44,323.84,493.00,,,,,,,,,,
tanned_leather_dressed_fur_and_leather_product_manufacturing,0.08,0.02,0.36,0.01,0.00,0.00,0.02,0.04,0.02,0.02,0.06,0.01,0.01,1.64,0.02,0.06,0.04,0.04,0.06,0.04,0.04,0.07,0.01,0.01,0.01,0.00,9.80,16.18,0.00,0.00,0.27,0.04,0.04,0.01,0.01,3.65,0.01,0.02,0.01,0.04,0.01,2.13,0.06,0.01,0.00,0.03,0.04,0.02,0.02,0.04,0.01,0.03,0.02,0.39,0.06,0.07,0.06,0.02,0.26,0.02,0.01,0.06,2.49,0.21,0.01,0.01,0.00,0.01,0.01,0.32,0.09,0.07,0.55,12.34,0.10,0.03,0.12,0.07,0.02,0.45,0.05,0.04,0.01,0.01,0.40,0.00,0.01,0.15,0.00,0.32,0.42,0.07,0.01,0.00,0.01,0.42,0.15,0.35,0.14,0.15,0.18,0.07,0.46,0.49,0.41,0.16,0.07,0.42,3.17,0.75,0.07,0.05,0.42,0.01,62.48,99.77,0.00,2.16,0.10,0.46,13.96,633.08,749.52,812.00,,,,,,,,,,
textile_product_manufacturing,3.57,0.49,3.95,1.76,0.36,3.42,3.25,3.61,19.51,2.90,6.64,0.42,0.61,5.05,0.18,2.74,1.13,0.47,2.81,1.66,2.07,4.06,1.78,0.46,0.61,0.18,0.41,37.81,0.00,1.48,0.37,0.58,3.81,0.33,3.23,6.47,0.45,1.26,0.06,4.69,0.68,10.90,0.22,0.50,0.11,0.77,1.92,0.19,3.14,0.43,0.16,5.72,0.66,6.74,8.76,12.53,1.80,2.71,4.15,3.19,0.48,4.43,14.04,0.60,0.54,0.68,0.09,5.89,6.82,293.89,232.58,23.47,300.89,20.92,23.34,4.12,7.25,24.45,1.61,0.75,1.12,2.19,0.66,1.46,0.64,0.17,0.60,2.47,0.01,0.92,0.70,0.72,1.09,0.52,0.89,5.70,0.92,2.16,2.76,3.76,6.57,5.06,24.07,16.85,0.59,19.34,24.82,0.76,2.47,2.29,5.19,3.74,7.47,6.18,1321.61,879.30,0.00,305.00,17.58,254.80,-17.89,240.61,1679.39,3001.00,,,,,,,,,,
knitted_product_manufacturing,0.05,0.01,0.03,0.01,0.01,0.01,0.02,0.05,0.02,0.03,0.10,0.01,0.01,0.09,0.00,0.03,0.02,0.01,0.02,0.02,0.02,0.04,0.01,0.00,0.01,0.00,0.00,1.53,0.01,1.61,0.00,0.01,0.02,0.00,0.14,0.17,0.01,0.02,0.00,0.02,0.01,0.17,0.00,0.00,0.00,0.01,0.03,0.00,0.01,0.00,0.00,0.04,0.02,0.02,0.07,0.03,0.01,0.34,0.05,0.01,0.01,0.07,1.08,0.07,0.01,0.02,0.00,0.01,0.01,0.19,0.08,0.06,0.33,0.30,1.76,0.02,0.15,0.08,0.01,0.00,0.02,0.02,0.01,0.01,0.01,0.00,0.01,0.19,0.00,0.43,0.57,0.09,0.02,0.01,0.01,0.22,0.20,0.09,0.01,0.19,0.11,0.08,0.19,0.15,0.01,0.71,0.35,0.02,0.05,0.03,0.09,0.15,0.04,0.01,13.36,11.95,0.00,1.78,0.11,0.33,0.27,16.20,30.64,44.00,,,,,,,,,,
clothing_manufacturing,3.50,0.43,1.70,0.38,0.35,0.38,1.30,3.33,1.34,1.87,4.86,0.40,0.49,1.97,0.21,1.59,1.45,0.40,0.95,1.31,1.01,2.39,0.65,0.29,0.36,1.85,3.42,8.55,0.02,5.00,0.19,0.44,1.39,0.27,1.04,2.28,0.57,0.90,0.08,1.08,0.27,1.94,0.11,3.61,0.09,0.48,0.39,0.13,0.86,0.31,0.09,1.97,0.39,1.27,2.13,0.66,0.50,1.12,1.91,0.70,0.17,3.26,1.19,0.70,0.72,0.86,0.11,0.73,0.76,10.60,4.81,3.92,20.73,13.25,12.09,1.40,7.30,4.74,0.70,0.23,1.31,0.95,0.45,0.32,0.35,0.27,0.33,1.86,0.01,0.42,0.33,0.82,0.52,0.91,0.45,3.08,0.69,1.01,0.68,1.19,2.27,0.78,2.43,3.00,0.32,14.43,5.24,0.41,1.82,1.00,5.43,3.59,1.49,0.27,225.62,164.58,0.00,50.63,1.47,10.07,26.72,611.90,865.38,1091.00,,,,,,,,,,
footwear_manufacturing,0.45,0.12,0.22,0.06,0.04,0.06,0.47,0.86,0.55,0.35,1.04,0.05,0.06,0.62,0.02,0.24,0.18,0.05,0.14,0.18,0.19,0.28,0.14,0.07,0.05,0.01,0.26,4.33,0.00,0.03,0.73,0.05,0.22,0.04,0.08,1.09,0.09,0.15,0.01,0.21,0.05,0.84,0.03,0.05,0.01,0.17,0.06,0.03,0.17,0.04,0.03,0.33,0.06,0.20,0.25,0.11,0.13,0.44,0.26,0.10,0.03,0.41,0.13,0.06,0.31,0.45,0.32,0.10,0.11,1.92,0.54,0.46,2.73,1.50,0.79,0.32,0.87,0.79,0.18,0.02,0.15,0.33,0.10,0.04,0.13,0.03,0.11,0.90,0.00,0.05,0.04,0.17,0.10,0.04,0.29,0.98,0.17,0.32,0.30,0.12,0.30,0.29,0.47,0.48,0.04,6.36,1.85,0.28,0.40,0.32,0.96,0.98,0.39,0.15,46.78,39.51,0.01,5.33,0.16,1.05,0.24,379.92,426.22,473.00,,,,,,,,,,
sawmill_product_manufacturing,7.30,1.84,1.56,0.42,0.39,0.69,2.68,1.72,1.08,2.47,4.70,0.14,0.29,1.05,0.02,0.23,0.15,0.03,0.19,0.15,0.60,0.28,0.05,0.06,0.05,0.01,0.02,0.32,0.00,0.00,0.01,62.64,750.59,262.93,0.23,0.09,0.52,0.10,0.01,0.15,0.02,0.35,0.01,0.12,0.11,0.45,0.12,0.11,1.69,1.21,0.01,2.15,0.17,0.15,0.20,0.83,0.25,0.10,0.52,0.10,0.06,0.93,176.44,2.31,0.30,0.83,0.07,1.03,0.14,503.78,74.56,154.37,1322.55,40.93,31.09,1.12,3.40,1.15,2.09,0.06,0.30,0.44,1.44,0.04,0.06,0.06,0.16,1.27,0.03,0.37,0.24,0.12,1.93,4.92,1.79,1.66,0.29,0.51,0.43,5.49,4.67,0.18,3.46,4.32,0.53,0.55,0.47,0.10,0.21,0.07,0.28,16.87,0.18,0.08,3485.12,46.34,0.03,11.79,0.18,2.92,-38.51,1501.14,1523.88,5009.00,,,,,,,,,,
other_wood_product_manufacturing,10.14,2.60,4.63,1.27,0.32,1.66,3.17,6.79,7.07,9.59,27.74,1.84,2.06,2.23,0.23,1.68,1.33,0.37,1.16,1.60,0.90,2.48,1.35,0.57,0.52,0.08,0.12,4.25,0.00,0.24,0.15,20.35,192.22,2.93,0.97,1.16,9.57,0.93,0.10,1.78,0.23,19.30,0.57,6.54,0.28,2.17,17.74,1.58,6.62,1.26,0.10,112.65,3.62,8.16,2.77,17.25,18.87,19.54,2.51,1.23,0.71,20.17,379.62,7.13,1.46,2.12,0.45,13.62,9.35,4316.77,589.23,293.76,2361.19,19.11,16.69,4.44,9.38,13.45,4.36,0.64,1.75,2.69,11.70,0.33,1.86,0.43,0.71,4.39,0.43,1.18,0.66,0.82,2.41,31.69,7.22,5.04,2.01,1.92,1.65,10.99,21.06,2.81,37.94,74.78,19.48,11.14,4.96,6.25,1.71,0.90,6.58,27.06,2.34,0.36,8942.04,277.48,0.21,236.57,12.95,94.35,-82.82,149.21,687.96,9630.00,,,,,,,,,,
pulp_paper_and_paperboard_manufacturing,0.59,8.72,0.86,0.01,0.02,0.01,0.07,0.47,2.72,2.82,7.76,0.26,6.35,25.24,1.74,60.16,17.17,3.50,26.51,8.44,34.35,33.28,82.03,11.22,8.40,0.02,0.02,0.77,0.00,0.11,0.08,0.70,9.53,68.73,238.56,205.42,3.48,57.50,0.22,19.70,5.52,22.64,3.12,1.67,0.91,32.67,9.48,1.24,1.11,2.01,0.12,4.78,0.46,5.10,2.29,0.43,0.12,0.07,3.92,1.93,1.46,5.49,1.19,0.29,1.98,3.87,3.38,1.03,5.17,90.98,2.06,37.86,32.78,215.01,129.87,2.38,9.42,7.26,2.86,3.60,8.58,6.52,0.79,284.53,0.96,0.06,0.05,1.44,0.67,5.29,0.43,17.49,4.36,0.01,2.81,3.89,0.76,7.07,3.31,54.70,1.29,6.25,2.02,3.04,0.52,5.73,10.03,5.08,0.47,0.44,1.06,2.25,10.96,1.70,2059.66,144.33,0.00,13.20,0.16,3.15,15.59,574.91,751.34,2811.00,,,,,,,,,,
paper_stationery_and_other_converted_paper_product_manufacturing,3.55,32.58,4.18,0.37,0.20,0.40,1.31,5.19,9.24,3.08,15.77,0.81,5.12,71.72,5.13,177.56,53.62,10.04,66.82,26.13,102.11,109.29,208.26,28.88,24.80,0.18,0.19,1.45,0.01,0.44,0.46,0.71,6.28,29.48,166.13,102.63,5.77,176.74,0.68,36.84,17.44,52.81,4.07,3.02,0.89,65.97,8.19,1.45,2.19,0.82,0.11,9.94,1.54,14.31,8.09,2.25,1.96,2.56,14.71,5.35,4.53,17.53,2.68,0.79,12.57,10.69,1.82,2.48,14.22,227.09,20.83,100.08,105.56,483.74,369.62,25.36,122.96,13.65,5.11,6.63,14.53,12.91,1.83,130.54,2.14,0.55,1.05,13.53,0.47,19.32,10.42,26.48,6.79,3.43,6.51,43.74,8.00,38.76,6.59,102.12,10.11,12.30,34.12,52.08,6.98,169.57,111.90,6.00,2.17,2.21,8.67,12.67,31.78,3.39,4173.39,1813.97,0.03,45.70,1.10,9.82,15.55,709.45,2595.61,6769.00,,,,,,,,,,
printing_(including_the_reproduction_of_recorded_media),45.41,10.19,178.22,4.86,0.59,9.62,42.75,26.70,27.04,6.32,45.46,2.57,8.19,8.59,2.36,20.03,2.79,1.16,31.55,5.10,36.72,25.16,12.47,5.46,11.50,0.15,0.24,1.71,0.01,0.39,0.39,2.26,9.24,12.17,75.42,203.34,13.31,19.12,0.07,9.38,1.53,20.92,0.39,2.41,1.93,17.79,7.91,1.75,7.47,1.33,0.79,25.91,10.69,28.69,21.39,4.30,1.45,2.75,13.27,6.68,2.05,19.28,7.98,1.81,10.32,22.74,8.47,4.38,19.66,153.78,48.01,76.94,223.02,187.83,532.42,18.81,52.83,56.75,4.07,99.08,214.36,38.69,65.77,319.43,60.36,25.49,3.88,93.34,0.89,45.86,137.49,124.76,29.14,0.19,230.98,647.36,63.82,112.57,39.05,230.97,62.29,25.81,76.78,86.30,24.79,69.69,32.55,58.46,83.94,101.46,41.28,23.73,68.31,5.19,5892.60,232.65,0.01,52.27,1.63,12.57,-30.33,202.60,471.40,6364.00,,,,,,,,,,
petroleum_and_coal_product_manufacturing,545.03,68.07,397.43,75.02,303.32,70.73,50.30,1008.11,106.24,1079.41,454.48,81.62,76.71,19.66,0.84,13.44,4.72,3.01,4.95,14.06,7.93,14.81,5.18,6.12,11.72,0.50,0.58,1.60,0.00,0.34,4.08,2.56,9.62,2.51,5.70,3.97,60.09,6.81,0.26,169.74,10.08,24.94,5.33,8.41,1.20,24.68,4.29,1.74,17.81,718.70,0.90,27.27,5.51,18.00,8.78,11.38,17.98,11.44,5.96,2.64,1.07,10.27,2.28,2.21,92.45,16.97,1.78,95.90,81.57,309.81,100.51,432.94,730.21,303.58,175.08,24.19,58.83,2133.61,196.29,590.60,1364.03,213.46,155.23,7.13,19.65,4.18,1.39,308.63,0.54,71.02,25.03,90.45,38.48,0.78,11.57,148.44,2.83,29.13,5.70,25.73,82.29,93.54,18.27,15.56,3.93,81.50,29.23,3.91,19.00,3.76,25.05,8.45,11.21,6.31,13903.85,6068.75,1.69,111.40,3.41,22.34,-274.87,3685.43,9618.15,23522.00,,,,,,,,,,
human_pharmaceutical_and_medicinal_product_manufacturing,16.90,1.54,4.92,0.84,0.59,0.63,2.47,12.29,3.23,6.05,18.91,1.22,16.82,2.62,0.36,2.84,2.52,0.84,1.78,2.30,2.32,5.19,1.20,0.49,0.75,0.14,0.15,1.07,0.00,0.28,0.27,0.84,3.02,2.16,2.79,2.26,2.88,37.81,3.23,3.48,0.87,3.74,0.54,1.74,0.25,1.64,1.21,0.61,3.60,0.68,0.20,5.12,1.06,4.37,4.32,2.08,1.42,3.67,4.65,1.87,0.46,6.49,1.96,0.47,1.90,2.64,0.27,1.42,1.40,20.69,25.66,18.18,50.23,25.43,14.82,2.76,12.33,8.93,1.64,0.54,2.61,1.79,3.01,0.66,0.81,0.47,1.31,24.66,0.03,4.38,5.60,5.20,1.53,3.17,3.81,31.39,9.19,9.21,1.95,9.18,5.19,3.52,10.00,13.53,1.42,130.22,14.80,1.00,12.55,1.93,9.73,6.58,4.66,0.77,747.68,3599.02,3909.80,195.95,5.04,44.21,-71.44,2881.74,10564.32,11312.00,,,,,,,,,,
veterinary_pharmaceutical_and_medicinal_product_manufacturing,44.71,3.10,1.88,0.08,0.01,0.04,0.42,0.96,0.15,0.89,1.05,0.06,4.62,0.11,0.01,0.12,0.09,0.01,0.06,0.08,0.08,0.17,0.05,0.01,0.06,0.00,0.01,0.04,0.00,0.01,0.01,0.03,0.11,0.02,0.13,0.19,0.08,12.06,14.18,0.22,0.82,0.32,0.04,0.06,0.01,0.20,0.03,0.01,0.13,0.03,0.01,0.50,0.04,0.11,0.20,0.41,0.09,0.50,0.28,0.30,0.04,0.58,0.07,0.02,0.16,0.26,0.03,0.11,0.08,1.15,1.77,3.14,1.64,0.88,0.27,0.07,0.27,0.36,0.02,0.32,0.18,0.06,0.95,0.01,0.40,0.01,0.09,4.13,0.00,0.23,0.29,0.47,0.18,0.03,1.21,11.64,2.39,2.06,1.04,2.62,0.13,0.30,2.04,3.62,0.27,2.24,2.46,0.62,43.48,0.79,0.26,0.26,0.81,0.04,186.59,10.34,7.60,17.25,0.22,3.62,-1.14,548.53,586.41,773.00,,,,,,,,,,
basic_chemical_manufacturing,548.61,24.64,352.93,2.33,0.70,2.00,106.68,234.99,47.60,82.24,403.11,28.89,64.58,8.35,0.37,8.59,2.57,1.08,4.13,3.29,9.79,9.19,5.46,1.78,3.07,0.15,0.87,6.83,0.06,0.43,0.47,2.97,53.34,15.36,48.81,28.29,143.47,397.94,1.10,561.62,37.54,1224.72,4.89,28.02,1.27,19.11,16.38,17.72,22.11,10.81,0.70,22.17,5.77,27.60,22.99,32.15,17.17,19.75,26.54,80.53,6.95,30.54,7.11,10.09,9.35,16.01,2.22,44.30,23.76,132.78,129.11,171.67,1076.98,86.35,36.44,7.48,16.43,28.01,7.08,1.86,5.34,7.20,19.68,3.71,7.16,0.53,7.81,50.07,0.18,6.51,3.91,6.86,23.43,11.03,26.65,156.63,28.63,27.10,38.02,49.74,46.46,22.17,20.17,31.11,3.69,159.42,152.83,4.66,16.74,22.49,23.27,24.19,41.49,1.61,7751.58,903.38,62.29,398.22,6.86,86.33,-21.00,4544.34,5980.42,13732.00,,,,,,,,,,
cleaning_compounds_and_toiletry_preparation_manufacturing,7.72,0.86,2.36,0.55,0.27,0.60,2.44,9.23,5.04,3.19,11.75,0.73,3.23,7.34,0.24,4.89,3.64,0.53,2.97,7.51,4.36,8.35,2.09,0.38,0.84,0.06,0.12,0.59,0.00,0.10,0.13,1.06,2.10,1.26,2.74,2.79,10.37,7.49,0.13,24.36,8.69,28.72,1.29,1.20,0.45,3.29,1.20,0.47,2.52,0.71,0.12,2.35,0.42,2.45,1.74,0.88,0.93,1.30,2.12,1.29,0.25,3.82,1.02,0.45,2.07,2.14,0.18,3.60,2.77,13.97,20.04,8.10,39.65,41.79,21.88,10.02,20.92,5.47,3.19,0.28,1.62,1.51,2.64,0.52,0.47,0.64,0.64,5.41,0.01,1.67,0.94,0.78,7.56,1.15,6.51,22.16,1.93,10.79,26.60,3.46,5.77,3.00,7.19,10.93,1.03,26.00,24.23,0.54,2.74,1.49,5.78,3.88,16.48,2.05,616.30,958.31,67.84,95.69,1.70,21.74,-1.93,1339.36,2482.70,3099.00,,,,,,,,,,
polymer_product_manufacturing,18.85,3.12,34.99,8.00,1.14,10.46,11.97,39.44,54.59,12.92,57.46,3.08,12.15,23.42,0.93,115.48,10.86,4.63,23.48,21.09,35.97,37.75,96.28,7.27,9.90,0.17,0.39,14.57,0.00,0.62,0.64,4.22,120.31,12.09,108.79,103.88,59.94,214.51,1.45,165.80,38.49,624.17,1.74,16.48,2.19,15.23,12.28,9.15,11.33,2.52,0.55,83.71,11.38,30.81,83.94,22.49,26.89,53.88,74.58,40.30,13.78,56.30,71.13,45.20,6.11,9.44,3.60,59.08,11.70,728.12,349.26,526.18,3365.70,374.60,205.82,31.73,32.99,79.54,5.65,11.40,23.12,66.55,7.69,10.09,4.35,0.90,2.12,9.66,0.37,2.55,2.33,2.19,8.80,204.78,14.99,64.55,8.07,16.07,20.44,46.11,66.75,11.59,33.00,56.13,7.27,130.80,53.37,6.78,8.20,6.91,239.66,129.54,40.69,1.63,9920.13,1582.04,0.01,752.31,16.24,83.95,113.66,1450.65,3998.87,13919.00,,,,,,,,,,
natural_rubber_product_manufacturing,3.16,0.32,1.41,2.61,0.11,2.88,1.93,29.04,27.16,10.74,55.16,1.46,4.30,0.55,0.09,0.60,0.32,0.16,0.29,0.76,0.32,1.46,0.17,0.06,0.16,0.02,0.05,0.42,0.00,0.11,0.40,0.35,1.82,0.80,1.73,1.22,4.86,0.64,0.01,1.21,0.07,9.42,3.17,0.14,0.04,2.58,0.20,0.05,0.94,0.04,0.03,1.73,1.37,1.30,11.78,1.88,2.86,2.43,1.80,0.50,1.32,18.03,0.39,0.25,10.26,13.76,1.38,1.87,12.49,8.69,13.01,10.75,27.98,83.01,11.05,3.35,1.73,4.35,1.46,0.49,0.85,3.90,5.67,0.17,0.09,0.13,1.62,9.27,0.00,2.76,0.19,0.35,1.08,0.40,1.55,22.21,0.95,4.28,13.85,0.65,4.60,4.94,2.43,3.47,0.45,27.09,9.67,0.52,0.48,0.38,7.97,36.42,1.30,0.37,596.85,25.05,0.00,70.09,0.45,4.61,37.61,158.35,296.15,893.00,,,,,,,,,,
glass_and_glass_product_manufacturing,6.12,1.12,18.20,0.50,0.08,0.87,3.75,5.18,1.78,4.12,6.85,0.45,11.03,0.85,0.17,0.57,67.34,4.23,7.53,0.54,5.28,67.30,138.34,28.43,94.14,0.01,0.04,0.19,0.00,0.02,0.02,0.93,52.35,0.22,2.39,2.66,1.28,107.51,0.45,38.35,15.07,4.56,0.07,26.02,1.42,5.13,5.25,4.14,1.02,0.40,0.45,241.35,1.25,2.22,18.26,4.55,28.99,22.01,2.61,3.41,3.57,11.37,14.88,0.47,1.05,1.93,0.49,1.12,0.58,561.23,236.88,97.37,846.03,216.35,31.60,6.34,11.52,1.61,0.31,9.12,17.99,0.50,3.57,0.07,0.13,0.24,0.21,6.10,0.01,0.47,0.25,0.36,5.33,1.94,4.80,39.07,9.16,8.24,1.75,12.73,5.84,1.03,9.19,14.21,1.29,11.49,2.91,0.45,1.22,1.32,48.26,37.80,5.70,0.50,3377.30,225.98,0.01,45.17,0.49,9.01,-83.40,104.43,301.70,3679.00,,,,,,,,,,
ceramic_product_manufacturing,1.77,0.30,3.90,0.16,0.07,0.23,0.94,1.55,0.70,1.14,2.21,0.17,2.04,0.52,0.04,0.39,0.30,0.08,0.26,0.29,0.21,0.52,0.19,0.08,0.14,0.02,0.03,0.13,0.00,0.03,0.03,0.24,0.46,0.09,0.29,0.64,0.20,0.42,0.02,0.28,0.06,0.35,0.03,0.25,0.31,1.30,0.14,0.09,0.23,3.90,0.03,7.39,0.23,5.32,0.61,0.47,0.16,0.56,0.53,0.33,0.65,1.41,0.25,0.95,0.37,0.56,0.11,0.46,0.20,182.46,13.08,37.23,562.49,1.78,1.35,10.60,25.39,0.96,0.18,1.85,3.87,0.24,0.68,0.07,0.08,0.09,0.06,1.40,0.00,0.19,0.22,0.17,0.28,4.21,0.69,10.37,1.81,1.75,0.27,2.33,0.62,0.20,6.59,11.36,0.43,23.38,53.22,0.09,0.54,0.42,1.30,0.70,0.66,0.09,1014.03,166.58,0.00,23.45,0.40,4.69,-31.36,86.21,249.97,1264.00,,,,,,,,,,
cement_lime_and_ready-mixed_concrete_manufacturing,7.88,1.04,11.78,0.52,0.86,0.72,4.70,16.57,5.86,13.32,47.76,1.89,16.75,2.35,0.14,1.37,0.94,0.24,1.01,0.94,0.78,1.66,0.73,0.31,0.48,0.05,0.11,0.38,0.00,0.07,0.07,2.18,2.92,0.39,1.27,2.11,4.70,1.96,0.05,9.13,0.24,2.86,0.10,6.04,5.05,715.11,85.54,10.94,29.73,2.73,0.75,10.41,0.82,3.18,1.31,1.27,0.43,1.06,2.08,0.95,0.40,2.71,0.67,0.25,18.35,23.64,2.80,74.74,19.33,1537.81,2160.15,639.19,3628.40,9.20,6.45,0.99,4.75,5.79,0.62,5.58,11.55,0.96,3.42,0.38,0.43,0.28,0.81,4.82,0.02,1.23,1.30,3.55,3.94,12.63,4.93,38.85,7.95,8.42,1.25,8.90,2.79,1.00,2.56,3.44,0.42,9.06,2.99,0.71,3.43,1.58,3.42,8.40,3.88,0.26,9347.93,58.00,0.22,97.48,1.51,21.64,-147.25,132.47,164.07,9512.00,,,,,,,,,,
plaster_and_concrete_product_manufacturing,9.23,1.74,27.32,0.82,0.14,1.39,5.75,7.11,3.31,6.08,11.34,0.57,14.81,1.73,0.08,1.04,0.59,0.13,0.79,0.65,0.46,1.09,3.29,1.05,1.00,0.03,0.07,0.27,0.00,0.04,0.03,0.87,9.16,0.31,1.46,3.96,0.76,2.07,0.06,0.89,0.14,1.88,0.09,0.75,0.73,2.75,8.02,1.45,2.27,0.73,0.28,23.16,1.29,2.72,1.35,2.26,0.57,1.55,1.84,1.54,0.24,4.03,0.54,0.24,6.65,6.44,0.81,1.38,0.81,473.26,423.84,205.91,1885.26,5.56,4.22,0.53,2.19,2.03,0.38,13.60,27.12,1.39,4.84,0.10,0.18,0.35,0.29,7.08,0.01,0.39,0.44,0.25,0.44,2.50,4.30,51.91,12.66,11.59,1.38,16.29,3.03,0.70,2.75,4.36,0.45,9.51,2.39,0.23,2.66,2.04,3.24,13.62,3.16,0.33,3406.76,49.26,0.00,86.07,2.40,13.71,-66.41,52.20,137.24,3544.00,,,,,,,,,,
other_non-metallic_mineral_product_manufacturing,4.30,0.93,12.37,0.35,0.05,0.63,2.68,3.15,2.65,2.07,5.78,0.46,1.27,1.65,0.05,0.57,0.29,0.07,0.52,0.35,0.21,0.54,0.31,0.18,0.28,0.01,0.07,0.13,0.00,0.00,0.00,0.96,1.71,0.18,0.64,1.81,0.98,0.78,0.42,0.98,0.08,3.76,0.01,19.41,37.73,4.12,35.56,42.60,0.88,0.84,0.11,5.58,1.24,4.45,0.80,1.05,0.31,0.19,0.93,0.41,0.13,1.57,2.28,0.60,1.60,2.11,0.37,0.72,0.97,250.26,155.15,169.19,623.89,2.41,1.69,0.49,1.23,0.81,0.68,6.57,13.27,0.32,0.70,0.09,0.06,0.17,0.33,1.18,0.01,0.43,0.49,0.62,0.24,4.21,1.19,11.29,2.64,3.32,0.50,3.88,3.26,0.54,1.15,1.77,0.23,2.11,0.66,0.40,0.85,0.86,1.08,2.86,67.36,0.14,1561.41,12.78,0.03,25.88,1.29,8.03,-7.57,337.15,377.59,1939.00,,,,,,,,,,
iron_and_steel_manufacturing,9.49,0.99,7.33,1.39,0.31,1.16,3.67,88.04,51.91,26.68,116.86,3.58,102.76,4.01,0.22,3.08,1.53,0.39,1.80,1.90,2.18,2.84,0.98,0.56,1.28,0.09,0.16,1.47,0.02,0.19,0.21,1.71,18.28,1.52,4.90,4.42,40.12,14.41,0.14,10.29,1.40,14.72,0.89,1.77,0.29,17.79,33.42,15.42,590.12,22.07,83.71,1295.85,244.53,403.96,108.42,63.51,56.01,199.32,68.05,46.14,20.40,215.46,55.24,9.69,8.39,14.88,2.68,11.01,7.77,642.13,253.16,302.95,2373.80,28.30,17.23,2.50,9.00,7.59,40.19,1.31,4.39,3.50,11.32,0.45,1.91,0.29,1.72,88.83,0.05,3.04,1.09,10.26,5.24,15.13,21.18,174.75,32.06,23.47,5.17,24.61,13.64,6.92,18.84,29.77,4.17,18.24,10.83,2.87,3.29,3.39,9.43,65.22,6.04,0.81,8445.90,119.44,151.72,79.01,1.57,12.05,124.86,1577.47,2066.10,10512.00,,,,,,,,,,
basic_non-ferrous_metal_manufacturing,20.30,1.57,13.20,1.67,0.35,0.47,6.79,46.31,40.19,21.39,122.08,5.19,83.32,5.19,0.28,11.27,1.27,0.67,1.91,2.45,6.20,3.26,0.91,0.76,1.78,0.16,0.16,2.47,0.06,0.31,0.51,3.93,18.20,2.89,17.59,6.19,24.43,15.13,0.14,9.45,2.43,34.01,1.83,2.52,0.51,16.56,3.40,2.25,150.89,395.32,14.52,61.32,0.28,222.73,23.18,50.31,5.47,15.23,26.08,58.65,14.73,33.15,32.61,212.88,8.46,15.41,1.91,12.35,11.68,61.85,61.48,85.34,96.80,153.71,33.26,7.38,17.23,10.24,9.04,2.91,6.23,12.86,36.91,0.99,1.31,0.61,7.54,119.27,0.03,13.14,0.91,11.82,10.86,9.52,28.56,179.38,33.19,34.59,15.01,45.04,18.27,7.99,15.43,23.09,2.54,33.23,30.31,1.04,8.27,9.08,5.20,10.00,8.62,1.00,3212.16,166.23,158.77,1467.54,13.41,48.40,-1048.85,41461.34,42266.84,45479.00,,,,,,,,,,
forged_iron_and_steel_product_manufacturing,0.88,0.14,0.44,0.44,0.12,0.39,0.49,40.98,15.94,6.75,38.94,1.10,24.94,0.30,0.04,0.50,0.27,0.09,0.19,0.32,0.30,0.52,0.28,0.11,0.18,0.02,0.02,0.11,0.00,0.03,0.03,0.18,0.87,0.09,0.20,0.18,0.23,0.31,0.02,0.63,0.15,0.89,0.04,0.27,0.05,0.63,13.80,0.16,16.32,0.16,0.21,112.78,5.08,14.87,9.89,11.70,121.51,0.60,3.88,8.72,1.30,53.50,4.64,1.31,3.71,6.79,2.17,1.98,0.20,6.49,7.64,11.60,36.42,11.18,8.15,0.24,1.97,1.03,6.17,0.82,0.24,1.79,0.11,0.06,0.11,0.05,0.04,0.73,0.00,0.06,0.05,0.10,0.25,0.10,1.49,6.00,0.26,0.67,0.48,0.29,1.34,0.82,0.92,1.50,0.20,2.77,1.06,0.14,0.62,0.59,6.93,18.78,0.93,0.37,676.42,20.15,0.00,45.72,1.07,3.23,-13.28,81.69,138.58,815.00,,,,,,,,,,
structural_metal_product_manufacturing,24.40,4.03,10.58,12.75,0.88,23.42,23.77,539.41,195.54,239.30,771.02,71.40,129.26,7.13,0.41,4.64,2.28,0.86,7.36,3.40,2.08,4.72,31.61,18.43,2.20,0.12,0.29,3.10,0.00,0.28,0.28,4.20,16.29,73.20,3.99,3.17,16.00,7.87,0.11,11.17,1.11,103.42,0.40,91.84,0.64,141.95,430.25,113.59,73.61,3.68,9.41,673.09,21.26,117.24,34.49,25.83,254.55,20.58,45.01,101.64,10.63,334.55,34.75,24.75,20.84,34.48,5.31,60.40,3.73,3870.24,1350.41,1022.75,3769.32,102.29,170.64,3.95,27.11,16.18,279.72,2.69,6.71,77.70,23.62,0.94,7.99,1.06,4.30,46.28,0.06,8.24,4.56,4.94,14.91,17.86,24.18,115.49,24.99,19.06,16.60,19.47,45.60,5.92,104.22,168.14,26.61,55.49,20.54,16.90,20.51,5.04,38.01,127.62,12.19,0.65,16765.62,206.68,0.37,748.66,20.48,75.19,-678.46,687.47,1060.38,17826.00,,,,,,,,,,
metal_containers_and_other_sheet_metal_product_manufacturing,6.05,0.30,1.36,2.50,0.21,2.35,4.29,47.09,35.21,12.13,99.73,2.56,9.19,2.04,0.23,16.72,4.19,0.32,4.23,0.78,1.23,7.38,112.48,29.48,11.81,0.02,0.04,0.74,0.00,0.03,0.05,0.58,8.35,0.28,1.97,0.67,13.60,15.80,0.02,27.46,0.42,53.24,0.05,0.50,0.12,3.41,2.89,2.84,12.03,1.06,0.05,66.09,45.17,34.61,98.31,5.25,5.40,1.91,8.04,5.07,10.41,178.68,6.98,4.72,4.39,6.44,5.73,7.85,0.78,363.67,157.18,128.16,358.38,31.65,61.34,4.65,8.24,40.89,9.52,13.08,1.12,32.41,6.89,0.15,0.98,0.10,0.83,9.72,0.02,2.92,2.19,0.68,1.52,35.51,6.97,32.62,5.15,8.35,5.02,5.97,10.44,2.07,4.62,6.65,0.96,26.63,6.29,1.39,4.67,4.87,17.20,29.75,8.50,0.31,2516.14,85.84,0.02,1175.55,104.91,239.39,-50.79,221.95,1776.86,4293.00,,,,,,,,,,
other_fabricated_metal_product_manufacturing,22.17,2.81,12.87,7.45,1.13,12.96,11.84,156.70,88.57,23.90,142.66,7.00,22.15,5.91,0.60,5.97,3.22,1.01,3.54,3.90,4.32,7.03,14.78,4.93,3.14,0.25,0.38,4.97,0.00,0.30,0.50,8.52,100.60,6.85,7.85,5.57,6.41,16.67,0.20,54.06,2.88,82.08,0.88,2.90,7.37,7.89,21.35,13.94,63.85,14.18,5.20,472.70,252.68,320.19,103.80,71.78,26.41,43.69,49.86,47.48,16.41,141.55,66.94,12.52,17.11,28.25,3.90,112.47,17.98,577.18,160.68,241.96,1166.96,91.23,105.63,6.83,23.24,22.23,8.67,1.51,6.73,10.14,3.17,0.72,9.83,0.62,0.55,14.23,0.36,2.28,1.51,1.63,5.21,36.19,10.37,56.78,7.98,7.18,6.03,27.00,107.55,17.58,20.41,33.79,2.75,47.49,30.57,10.31,18.92,21.19,42.73,67.43,32.51,4.82,5884.58,752.61,0.31,270.39,14.60,58.02,-95.96,1106.44,2106.42,7991.00,,,,,,,,,,
motor_vehicles_and_parts;_other_transport_equipment_manufacturing,15.63,1.96,10.67,1.88,1.26,2.16,6.75,19.53,13.12,10.29,36.61,2.34,9.42,5.79,0.74,6.16,5.15,1.46,3.67,4.95,3.82,8.84,2.68,1.12,1.52,0.30,0.32,2.20,0.00,0.53,0.56,1.96,5.49,1.46,2.91,3.54,6.86,4.37,0.30,4.46,1.05,4.44,0.45,3.55,0.42,3.21,1.51,0.65,4.64,1.41,0.58,11.37,1.82,6.00,109.30,6.56,4.10,5.81,12.23,8.47,2.47,22.61,3.46,1.39,4.32,5.03,1.29,3.03,4.92,54.90,49.90,66.29,177.46,99.01,89.41,7.46,64.54,131.71,11.93,3.10,11.81,14.00,20.45,1.84,3.21,2.27,3.99,31.41,0.10,3.71,8.10,17.45,28.69,4.66,22.13,96.97,26.39,44.47,15.03,15.32,463.91,8.10,21.74,34.44,6.51,50.92,21.82,3.97,11.45,6.55,746.47,27.94,8.59,1.27,2990.28,7831.38,10.70,-1836.04,120.85,328.65,168.54,1679.64,8303.72,11294.00,,,,,,,,,,
ships_and_boat_manufacturing,1.01,0.05,0.44,35.33,0.02,95.57,11.86,7.54,4.29,5.89,26.86,0.80,30.91,1.52,0.03,1.43,0.47,0.14,0.67,0.81,0.54,1.08,0.46,0.17,0.58,0.01,0.03,0.19,0.00,0.04,0.02,0.31,1.00,0.65,1.27,1.35,5.70,3.37,0.01,0.81,0.21,1.72,0.15,0.76,0.22,2.76,0.38,0.06,1.91,0.12,0.34,5.02,0.75,1.29,1.24,22.77,2.03,7.35,1.14,5.70,0.17,9.02,0.19,0.14,1.24,1.26,0.20,0.68,3.15,10.33,16.64,52.65,43.70,102.98,83.83,2.16,50.33,10.58,4.92,374.30,5.89,7.58,126.84,0.83,1.55,1.65,1.88,46.84,0.06,0.95,6.11,11.11,33.54,0.48,35.49,191.35,45.58,28.45,15.52,14.90,523.43,6.27,7.56,8.59,4.87,11.78,6.75,2.26,6.82,2.98,2.39,2.48,2.47,0.35,2233.23,464.74,1.49,947.88,63.00,1364.66,-197.27,839.27,3483.77,5717.00,,,,,,,,,,
railway_rolling_stock_manufacturing,2.14,0.27,2.16,0.22,0.05,0.05,0.74,232.13,10.78,104.85,29.08,0.82,19.19,2.01,0.04,1.28,0.49,0.22,0.59,0.78,0.60,1.22,0.40,0.20,0.50,0.01,0.02,0.17,0.00,0.04,0.03,0.44,1.09,0.82,1.53,1.95,8.21,4.21,0.04,2.17,0.33,2.58,0.27,0.83,0.17,2.21,0.36,0.06,0.95,4.87,0.45,6.16,0.99,5.41,2.10,2.24,872.50,4.33,5.76,1.32,0.32,3.25,0.35,0.11,0.99,1.73,0.18,0.23,4.42,15.87,12.85,112.95,47.49,117.82,109.65,3.66,75.09,18.04,943.45,11.40,6.96,11.27,39.28,1.24,2.39,2.47,2.77,59.93,0.08,1.34,9.01,19.67,49.49,6.11,34.38,88.34,29.24,40.56,19.44,18.71,3.36,7.50,10.64,11.65,6.97,16.45,10.30,3.20,7.86,4.05,2.24,1.70,3.76,0.60,3358.25,28.94,59.38,1080.21,6.79,38.00,254.80,58.63,1526.75,4885.00,,,,,,,,,,
aircraft_manufacturing,8.48,0.68,3.64,0.43,0.25,0.29,1.88,6.84,4.72,2.76,20.84,0.85,17.83,2.34,0.15,1.96,1.27,0.40,1.03,1.40,1.08,2.40,0.70,0.33,0.63,0.06,0.07,0.50,0.00,0.12,0.12,0.58,1.66,0.82,1.66,2.10,6.96,4.35,0.08,2.52,0.44,2.81,0.30,0.82,0.18,2.08,0.46,0.12,1.32,0.28,0.41,6.27,1.00,2.31,3.02,2.20,0.84,33.32,2.97,1.53,0.38,4.59,0.85,0.21,1.24,1.95,0.21,0.59,3.95,17.93,14.26,19.90,51.05,95.76,89.33,3.43,63.84,13.79,6.11,19.14,1879.98,97.92,40.01,1.17,2.13,2.10,2.32,51.83,0.07,1.26,7.33,16.45,39.67,0.26,26.94,73.78,23.83,33.47,15.88,41.99,118.34,6.54,9.94,30.06,14.54,20.67,10.76,2.80,7.33,3.80,4.99,3.75,3.99,0.65,3172.46,136.36,54.96,636.92,1.80,819.91,-232.20,939.79,2357.54,5530.00,,,,,,,,,,
professional_scientific_computer_and_electronic_equipment_manufacturing,29.92,5.29,61.74,4.94,0.87,4.25,15.13,30.30,19.61,16.89,70.69,3.60,35.08,3.69,0.45,4.62,3.45,1.21,3.27,3.41,3.70,6.10,4.49,0.92,2.03,0.18,0.22,1.55,0.00,0.42,1.48,1.35,4.79,1.93,6.36,11.19,6.26,14.69,0.21,7.05,1.08,10.79,0.59,3.00,0.67,7.23,2.82,0.48,4.90,1.72,0.45,22.38,4.18,15.40,14.82,7.40,26.06,7.52,31.24,51.51,1.63,26.77,3.65,3.27,9.12,17.50,2.16,5.52,4.96,59.74,48.48,40.20,121.13,79.80,30.01,3.61,17.29,35.00,6.03,31.36,60.78,6.77,10.55,2.61,5.21,1.63,100.77,57.03,0.08,9.03,7.36,29.47,8.91,4.65,21.57,208.73,55.42,61.99,15.55,32.18,34.19,10.42,13.76,19.31,2.21,1112.35,62.31,0.25,7.74,6.16,22.33,23.20,15.28,1.84,3186.45,1057.49,52.90,1501.33,155.80,625.04,39.95,4448.03,7880.55,11067.00,,,,,,,,,,
electrical_equipment_manufacturing,16.32,2.15,19.73,4.62,1.15,7.79,8.13,30.14,14.84,9.38,41.41,2.37,16.43,7.28,0.59,7.97,4.24,1.13,3.15,5.36,7.23,7.85,4.17,1.67,2.33,0.27,0.26,2.26,0.00,0.42,0.57,1.66,5.50,5.29,7.17,6.30,5.96,4.60,0.22,4.17,0.93,8.01,0.52,2.44,0.44,5.65,1.63,0.50,4.59,1.01,0.45,15.64,4.31,8.02,7.77,13.30,15.03,14.25,50.69,66.20,12.08,96.49,3.22,7.47,58.85,94.51,3.82,13.51,14.00,196.35,258.93,195.53,658.84,37.51,23.41,7.17,25.98,41.10,3.02,7.06,15.69,23.92,8.59,0.88,6.20,3.31,1.83,82.14,0.22,7.85,0.86,2.65,3.72,6.70,6.75,87.30,10.11,16.63,6.49,26.74,12.66,6.88,15.17,23.31,2.57,63.73,24.40,8.93,24.71,27.35,52.79,39.34,12.86,2.36,2887.92,339.13,16.96,701.96,33.69,96.76,58.16,865.43,2112.08,5000.00,,,,,,,,,,
domestic_appliance_manufacturing,2.80,0.34,1.64,0.37,0.27,0.45,1.16,2.78,1.17,1.45,3.97,0.38,0.62,1.40,0.17,1.54,1.19,0.30,0.73,1.34,1.16,2.03,0.73,0.29,0.38,0.07,0.09,0.50,0.00,0.12,0.17,0.33,1.12,0.34,0.69,1.05,0.59,0.82,0.06,0.94,0.23,0.93,0.08,0.30,0.10,0.57,0.29,0.12,0.72,0.22,0.07,1.75,0.31,1.12,1.72,2.15,0.53,0.84,1.53,0.59,60.11,36.61,0.70,0.18,0.70,0.90,0.08,0.78,0.59,118.57,17.95,6.36,114.84,4.14,7.62,1.11,6.11,3.81,0.72,0.27,1.20,0.81,0.41,0.24,0.32,0.24,0.19,1.95,0.02,0.58,0.63,0.77,0.51,0.48,0.41,3.45,0.65,0.98,0.50,1.31,1.58,0.74,2.21,2.79,0.33,10.38,3.37,0.36,1.36,0.78,6.73,44.49,1.23,0.22,524.09,362.98,0.27,241.31,17.79,38.54,9.56,123.46,793.91,1318.00,,,,,,,,,,
specialised_and_other_machinery_and_equipment_manufacturing,76.14,7.31,81.90,31.90,3.27,42.40,47.36,262.63,159.62,98.00,599.59,38.89,91.52,19.45,0.87,14.93,9.84,1.70,4.80,11.88,12.70,20.72,11.68,3.63,5.97,0.21,0.51,3.55,0.00,0.69,0.79,5.46,30.83,6.07,14.18,29.19,52.23,25.21,0.28,42.37,2.99,63.96,0.72,20.27,1.43,26.22,10.26,2.56,40.29,3.95,0.96,137.70,19.08,173.69,61.61,60.46,70.93,25.82,67.27,53.15,11.37,214.28,8.44,17.23,35.17,47.28,4.73,44.63,14.93,156.81,142.04,126.02,462.15,178.67,49.66,9.01,34.04,43.54,15.08,25.95,49.54,21.97,35.59,1.29,8.70,1.56,8.13,97.65,0.50,13.73,1.38,6.40,14.31,5.74,20.64,200.85,30.07,54.05,29.69,53.73,97.27,15.37,30.78,48.88,7.00,75.27,33.84,8.76,17.83,19.53,172.89,273.78,22.01,2.98,5836.28,797.66,55.56,4218.45,118.47,325.38,22.29,2323.90,7861.72,13698.00,,,,,,,,,,
furniture_manufacturing,2.90,0.52,1.67,0.40,0.24,0.54,1.11,2.92,3.26,2.06,8.00,0.31,0.32,2.98,0.18,2.92,0.85,0.38,1.37,1.42,1.61,3.66,11.63,3.60,3.27,0.07,0.35,3.39,0.00,0.10,0.26,1.00,1.60,0.35,3.30,3.32,3.36,1.13,0.05,2.58,0.46,6.58,0.15,0.79,0.11,2.85,1.66,0.32,2.79,0.88,0.08,12.64,0.78,1.85,105.28,6.51,1.96,2.86,1.28,0.90,0.47,3.37,14.30,0.62,0.65,0.61,0.10,2.44,2.60,701.82,174.08,45.06,328.44,17.92,31.38,4.37,7.69,7.99,1.77,1.04,3.51,5.44,5.44,0.30,6.21,0.16,0.17,1.54,0.12,1.57,0.64,0.95,2.09,3.95,27.33,89.25,4.78,4.18,2.79,19.89,5.12,3.21,11.39,20.11,4.30,12.93,7.75,2.68,3.91,4.13,4.66,6.39,7.12,0.64,1851.05,1479.07,0.04,473.54,50.85,641.68,3.62,268.15,2916.95,4768.00,,,,,,,,,,
other_manufactured_products,8.87,1.00,5.97,1.40,0.17,2.27,2.19,9.18,5.41,3.32,12.81,0.63,1.28,1.91,0.11,1.31,0.64,0.19,0.80,1.05,0.98,1.78,1.76,0.34,0.80,0.04,0.08,1.12,0.00,0.85,0.07,1.20,5.78,0.27,2.68,2.93,1.05,2.06,0.04,3.50,0.22,2.45,0.06,0.39,0.08,1.90,2.40,1.14,1.58,2.71,0.08,7.06,0.62,3.66,9.34,14.93,11.53,2.79,4.95,4.19,2.65,7.75,5.25,21.54,2.21,3.86,0.38,7.68,15.35,75.74,32.65,30.17,130.79,20.80,46.28,29.95,19.87,8.28,5.27,0.85,1.76,7.21,3.05,0.22,5.80,2.63,0.28,2.50,0.07,1.69,0.95,1.71,3.89,13.92,7.94,34.45,0.87,24.57,12.63,9.10,14.96,6.54,23.29,30.29,8.19,51.59,52.63,5.76,40.60,14.73,57.19,22.62,33.91,3.75,1128.54,447.82,1.01,59.31,1.39,22.52,2.51,920.90,1455.46,2584.00,,,,,,,,,,
electricity_generation,122.03,25.10,124.85,0.88,1.21,1.36,26.39,301.94,569.34,366.17,695.26,62.50,80.56,103.65,1.45,49.98,10.33,6.45,16.46,8.79,179.74,17.64,13.29,28.92,28.22,4.27,1.31,11.63,3.86,14.08,4.44,21.45,55.87,94.11,75.10,16.82,122.39,82.30,2.04,118.34,82.21,84.23,31.53,51.34,8.11,60.78,18.51,2.65,158.41,901.70,15.69,69.08,13.25,34.01,78.70,12.29,13.01,25.61,5.84,18.55,5.88,57.01,25.11,24.80,327.28,708.58,3.12,235.05,5.12,16.40,26.23,119.32,32.69,344.24,829.87,206.69,532.26,48.50,147.58,2.48,20.66,30.68,232.81,21.77,39.61,8.95,23.58,193.85,0.79,79.26,36.53,73.41,424.63,0.15,375.05,374.57,28.88,52.77,16.31,1496.46,16.18,51.64,195.59,72.42,31.59,245.61,72.85,11.09,29.08,31.72,28.96,17.94,34.34,12.36,13236.30,6945.64,0.22,336.17,123.68,139.05,13.72,196.22,7754.70,20991.00,,,,,,,,,,
electricity_transmission_distribution_on_selling_and_electricity_market_operation,169.79,54.36,222.80,1.42,1.82,1.98,54.74,401.26,764.13,496.36,944.82,88.52,154.77,145.02,2.32,70.60,15.38,9.11,25.65,14.22,234.33,26.72,18.62,39.44,38.52,5.78,2.26,15.95,5.21,18.73,5.92,32.74,78.98,114.37,87.29,23.16,253.90,165.25,2.86,172.40,114.40,110.47,42.02,67.17,10.65,83.23,24.80,3.97,218.19,1223.07,21.23,90.44,18.51,43.54,105.39,17.41,17.83,35.64,8.19,25.43,8.11,75.16,34.32,33.54,3456.71,20355.73,4.19,445.01,8.91,40.27,62.63,246.88,97.03,500.15,1097.96,269.26,726.59,93.09,237.56,4.42,35.07,45.81,318.48,29.98,52.26,12.59,49.36,381.56,1.11,105.93,51.27,110.17,585.19,5.70,498.60,519.31,51.68,85.90,31.12,1890.63,22.06,70.74,267.03,103.63,43.87,332.05,99.82,16.14,42.57,43.64,38.82,24.86,47.16,16.02,41090.73,8080.43,1.00,2294.74,923.27,992.92,1.02,415.89,12709.27,53800.00,,,,,,,,,,
gas_supply,5.21,0.00,0.00,1.52,0.00,0.00,0.00,15.53,158.97,49.86,13.65,6.20,0.00,18.18,0.02,20.32,7.03,14.01,13.48,11.41,10.45,23.19,6.45,6.71,9.55,0.08,0.04,1.45,0.06,0.50,0.00,2.14,14.94,24.26,27.15,5.88,68.51,0.25,0.15,484.23,0.04,40.88,4.25,55.32,9.40,10.52,26.61,7.07,38.40,198.26,3.04,14.84,7.81,9.70,4.64,1.44,2.33,2.03,2.39,1.08,0.96,3.40,0.70,0.58,528.82,0.00,2021.93,0.00,0.19,0.06,0.03,0.03,8.57,13.23,6.75,2.54,126.50,27.49,0.02,0.25,0.35,0.03,6.26,5.04,1.01,0.01,0.01,3.19,0.00,0.56,0.19,0.04,7.47,1.53,5.87,31.81,0.06,8.41,0.05,8.65,1.21,3.03,13.53,9.97,2.31,19.45,23.16,0.49,1.03,1.21,3.49,1.12,5.11,2.02,4371.17,1097.19,0.00,17.98,4.36,6.40,0.00,30.89,1156.83,5528.00,,,,,,,,,,
water_supply_sewerage_and_drainage_services,474.57,145.72,565.77,1.45,0.07,2.76,18.71,48.56,4.09,21.40,84.68,6.03,13.39,56.05,0.28,30.43,11.79,1.53,21.21,4.38,24.29,38.55,23.55,30.02,3.65,0.33,0.55,5.63,0.19,0.53,0.25,1.50,17.81,53.94,52.31,11.28,100.53,107.11,0.24,40.04,6.70,52.24,0.89,8.93,0.92,45.09,8.75,1.46,62.33,2.65,2.23,18.86,2.15,10.31,87.70,7.62,6.84,0.15,8.04,5.18,1.95,43.88,3.16,1.91,57.06,66.83,2.11,655.42,142.66,743.80,72.92,99.53,707.68,85.96,49.28,66.53,345.00,90.43,4.93,6.44,5.81,2.93,51.47,16.64,8.22,5.20,5.15,190.32,1.00,62.79,65.04,63.29,220.39,0.02,736.58,1126.79,2.39,306.14,153.96,188.24,54.48,166.60,72.08,113.24,11.60,331.58,167.88,15.35,257.25,20.30,75.22,34.73,57.89,5.10,10207.36,10579.70,898.07,867.49,327.61,365.11,0.08,150.59,13188.64,23396.00,,,,,,,,,,
waste_collection_treatment_and_disposal_services,208.49,63.51,92.22,0.11,1.24,13.80,18.02,40.60,148.39,27.38,64.15,2.69,5.87,32.91,0.86,24.53,19.64,6.06,27.32,18.92,51.06,18.69,32.62,10.50,27.82,0.12,1.04,5.84,0.14,1.31,2.63,3.89,20.26,9.72,2.61,15.38,25.65,19.06,0.08,39.21,4.40,56.72,5.65,57.20,4.14,42.22,9.39,4.87,53.36,28.11,7.00,129.14,15.23,35.14,16.53,6.97,48.40,43.32,16.71,22.80,7.19,54.18,13.02,14.88,94.25,197.58,5.93,38.70,1372.43,317.30,116.04,372.77,1104.32,629.76,170.59,35.40,195.46,277.90,13.12,49.31,26.79,20.84,310.07,1.05,12.28,1.16,2.60,1325.78,0.06,29.85,35.16,167.28,81.15,570.25,372.45,1058.09,1055.51,682.34,341.71,42.11,59.13,216.77,39.96,100.35,180.89,1190.74,241.77,129.54,28.78,13.23,24.93,18.75,54.27,4.90,15232.31,521.12,622.35,159.10,13.78,38.96,0.15,23.24,1378.69,16611.00,,,,,,,,,,
residential_building_construction,185.75,45.57,126.28,5.45,0.44,7.28,49.42,168.83,406.53,450.12,427.95,41.62,24.73,4.30,0.12,2.92,1.02,0.36,2.17,1.65,2.05,4.59,4.93,1.50,2.45,0.01,0.08,0.46,0.00,0.04,0.06,30.04,43.34,2.29,7.65,10.43,25.06,6.99,0.02,4.15,0.58,7.02,0.40,1.81,0.36,8.14,1.28,0.21,6.97,16.05,0.91,13.50,3.50,7.25,7.49,6.68,2.09,3.47,7.44,3.42,0.79,9.33,10.66,9.79,71.64,258.45,41.37,109.26,23.33,3310.82,2244.91,1624.74,6899.26,493.43,231.88,146.34,144.29,59.72,219.60,27.41,63.22,24.40,294.82,7.84,7.85,22.42,10.05,148.68,0.36,55.29,68.62,85.01,93.30,2207.37,599.25,512.55,215.59,122.89,56.32,759.34,826.24,56.01,47.63,61.95,13.21,123.86,63.41,11.16,23.59,19.40,19.28,57.69,48.53,3.03,24864.39,58.07,15.55,69134.01,277.89,2661.63,0.11,185.37,72332.61,97197.00,,,,,,,,,,
non_residential_building_construction,138.21,33.22,120.97,6.59,0.57,9.74,46.53,146.99,325.72,316.87,327.11,30.01,22.40,5.90,0.16,4.11,1.38,0.49,2.81,2.18,2.59,6.39,7.04,2.17,3.50,0.01,0.09,0.62,0.00,0.05,0.08,9.78,21.78,2.99,10.57,15.54,36.01,10.21,0.02,5.76,0.76,10.03,0.54,2.35,0.49,11.68,1.80,0.26,9.80,11.69,1.32,19.26,5.20,10.76,10.59,9.88,2.88,5.05,6.41,4.24,0.90,10.66,3.46,2.77,46.13,113.37,26.51,34.80,23.32,1127.67,554.11,643.88,1885.49,428.85,258.20,111.98,170.94,68.98,162.24,38.63,89.23,32.04,251.47,10.62,10.99,19.93,10.28,151.03,0.39,64.48,73.71,112.96,120.29,1544.88,559.80,674.77,248.88,157.36,71.56,594.10,591.99,63.40,53.71,63.30,16.77,150.08,74.65,15.04,34.59,27.46,25.25,82.35,63.14,3.74,13579.27,76.15,235.53,36065.15,929.29,7970.33,0.14,263.13,45539.73,59119.00,,,,,,,,,,
heavy_and_civil_engineering_construction,216.72,7.66,83.02,1.36,0.17,2.48,14.16,306.57,149.21,266.61,1144.52,94.93,6.52,2.97,0.08,1.70,0.74,0.23,1.34,0.96,1.41,2.19,2.29,0.79,1.31,0.02,0.08,0.28,0.01,0.04,0.05,4.38,6.89,0.95,2.69,4.23,22.23,3.11,0.02,2.39,0.36,3.45,0.24,1.35,0.20,3.80,0.64,0.18,3.16,1.63,0.43,6.53,1.57,3.26,2.99,2.60,1.27,1.86,2.18,1.46,0.35,3.69,1.64,1.41,21.63,88.77,7.16,18.81,20.18,323.21,260.01,182.40,833.00,151.52,71.06,5.26,37.50,1714.08,314.56,28.42,24.06,8.26,60.16,3.18,2.95,3.48,1.92,61.31,0.11,21.58,25.90,35.66,29.93,9.28,156.95,184.32,82.32,49.27,20.70,342.06,935.19,29.37,15.67,16.90,6.65,64.37,26.38,5.35,9.24,7.31,6.62,19.35,23.61,1.74,8772.30,33.97,1.49,30937.75,11438.38,21694.90,0.12,765.10,64871.70,73644.00,,,,,,,,,,
construction_services,980.09,230.83,606.33,37.43,6.36,25.68,244.08,902.48,1940.12,2227.16,2666.23,227.16,229.83,35.21,3.62,42.65,24.90,9.48,25.68,27.73,27.08,47.22,33.46,5.83,18.37,1.15,1.51,14.97,0.01,2.83,4.30,268.89,365.60,19.15,59.31,64.07,142.37,61.94,1.14,42.68,9.32,91.15,4.00,14.26,6.92,119.35,23.71,3.54,27.84,81.23,2.76,96.07,22.77,53.36,82.16,48.74,14.39,30.46,98.55,30.31,7.37,108.52,115.55,102.69,440.66,2004.02,250.35,996.23,73.45,27862.52,20803.89,12996.02,62826.46,2375.96,1017.28,681.52,416.19,293.98,1022.08,132.34,254.48,135.52,1332.72,23.43,28.89,102.44,249.88,895.99,2.17,384.41,286.96,309.16,281.47,10328.91,2949.86,3218.89,1191.95,759.30,191.49,3498.96,3918.97,292.37,306.43,356.72,48.49,654.95,375.64,31.81,89.62,98.70,165.77,161.05,242.16,19.96,180252.45,1782.33,61.94,50522.85,4904.26,12967.95,0.29,1448.94,71688.55,251941.00,,,,,,,,,,
wholesale_trade,1858.50,138.28,771.13,108.01,109.19,111.93,426.17,1117.49,506.28,569.36,1919.52,123.51,211.14,473.73,49.73,410.00,348.29,95.22,244.08,351.80,321.85,596.38,173.48,87.22,114.66,20.16,21.22,152.57,0.10,41.65,41.71,128.80,478.72,81.01,186.04,206.01,626.63,280.12,19.70,585.77,71.38,320.17,28.07,74.67,27.34,210.39,99.53,34.12,229.27,76.57,25.22,551.06,47.47,345.60,548.31,172.62,127.28,299.50,535.78,168.99,31.11,773.37,229.59,54.07,206.48,260.84,30.53,236.48,264.77,2874.87,1272.99,1139.81,6269.96,3720.17,2883.98,377.34,2208.95,1834.97,254.18,112.89,385.37,504.30,410.01,146.34,473.02,221.41,137.02,1225.57,5.56,581.96,684.68,724.11,485.63,162.98,416.15,2040.60,1062.01,791.93,496.38,814.51,592.81,524.07,893.71,1079.20,156.89,3144.49,1340.72,177.12,549.95,345.57,1330.42,974.97,574.33,80.65,66672.26,39735.15,542.99,9941.31,527.99,2061.31,273.72,20665.28,73747.74,140420.00,,,,,,,,,,
retail_trade,329.63,38.71,232.88,41.54,23.85,41.16,112.29,365.88,201.25,158.35,657.68,43.73,66.58,129.89,13.11,109.56,92.67,26.54,77.35,129.26,95.19,175.93,60.68,20.15,25.08,5.69,10.51,62.96,0.07,87.12,42.01,39.86,112.24,25.05,70.53,69.58,115.50,94.53,5.20,127.03,34.87,95.06,7.75,36.56,10.86,63.91,36.11,10.75,68.40,30.89,7.81,276.49,43.90,123.41,165.04,60.64,39.67,78.77,225.79,56.53,15.01,212.51,84.99,53.44,63.82,93.34,10.13,99.43,207.40,1017.39,415.77,436.44,2684.66,1739.45,2177.52,152.99,1011.01,1491.70,93.38,60.46,112.68,247.81,155.19,28.08,88.47,36.24,136.86,309.37,2.48,278.74,138.03,183.02,196.59,85.35,181.18,706.44,319.17,340.60,204.86,225.02,256.19,199.75,273.07,356.79,56.79,1227.44,841.69,67.35,186.65,132.08,401.41,314.24,247.57,46.45,26314.45,96629.69,2862.32,2604.11,95.59,554.74,-9.76,5361.85,108098.55,134413.00,,,,,,,,,,
accommodation,24.64,0.88,16.57,0.94,0.03,1.33,2.28,225.70,80.88,64.64,58.55,15.97,31.49,4.90,0.13,2.08,0.97,0.58,5.21,4.43,9.20,7.19,39.97,19.67,12.11,0.00,0.08,1.14,0.00,0.07,0.02,1.02,4.21,2.22,14.65,10.37,114.14,17.45,0.04,21.62,2.23,12.66,0.16,2.68,0.72,11.16,1.84,0.48,6.18,0.67,0.86,27.40,3.84,8.27,15.36,5.45,3.38,3.00,6.70,2.23,0.69,9.12,1.40,1.03,9.38,15.63,1.22,9.92,21.31,28.92,6.46,42.41,804.73,302.30,256.67,5.81,126.37,65.13,13.20,3.99,27.19,33.33,70.60,7.14,10.87,13.15,8.41,111.32,0.46,57.30,39.94,58.80,87.10,0.00,55.49,373.73,74.56,165.87,34.49,96.47,13.08,35.21,45.63,67.52,15.75,22.17,41.63,12.60,25.42,20.86,6.72,4.56,24.78,3.21,4323.69,6592.52,11.14,5.21,0.34,1.04,0.01,7641.04,14251.31,18575.00,,,,,,,,,,
food_and_beverage_services,95.31,7.89,98.16,9.51,1.73,12.36,11.93,193.06,118.39,45.30,244.70,13.56,63.17,10.82,0.77,4.49,4.33,3.92,39.69,33.10,51.43,49.08,332.72,165.51,102.43,0.01,0.51,6.18,0.01,0.50,0.28,12.17,17.07,7.85,65.61,51.61,151.00,105.12,0.79,108.97,13.25,56.34,0.52,13.12,7.12,76.47,16.33,3.30,32.15,3.53,1.28,154.61,24.42,42.09,92.15,24.94,27.11,1.84,50.82,9.83,2.89,45.06,10.83,8.66,54.46,88.08,2.84,46.30,62.12,78.34,27.55,88.83,1367.83,479.10,477.59,13.53,118.72,193.42,23.79,9.75,14.81,120.09,233.97,8.29,74.62,32.80,55.90,414.62,0.43,343.81,155.09,110.33,76.71,0.01,52.15,2120.22,168.77,994.31,92.99,456.53,69.03,187.08,177.73,289.79,47.23,139.68,73.34,60.02,121.56,116.57,40.70,33.12,86.89,17.45,13078.58,56302.03,2.12,38.05,1.07,8.76,0.03,5953.35,62305.42,75384.00,,,,,,,,,,
road_transport,859.67,195.49,250.38,17.50,91.48,14.62,59.83,470.01,132.13,196.22,522.95,151.02,104.57,923.43,30.87,734.12,161.63,46.24,322.87,188.58,121.66,414.92,112.24,160.87,92.47,26.27,40.31,57.83,0.21,3.22,10.00,543.35,533.53,80.45,149.15,80.98,217.07,210.74,9.32,282.85,29.01,460.33,8.38,98.00,14.29,705.58,71.09,71.45,343.43,484.86,14.67,366.53,66.57,132.74,180.31,41.14,34.57,53.44,84.81,55.98,22.07,176.10,112.40,43.41,112.71,57.84,41.53,58.64,136.00,1570.87,798.28,637.29,3130.57,2972.93,1564.93,144.83,712.75,2557.66,407.12,489.91,549.93,800.12,1219.88,130.91,50.62,24.84,12.23,201.04,1.60,54.10,89.02,324.18,215.50,39.48,141.27,534.30,134.65,232.11,123.45,320.92,143.44,137.34,231.79,349.01,53.26,747.39,323.47,54.04,141.24,85.51,125.03,147.66,79.82,18.30,35523.50,12962.59,1590.75,1481.41,96.83,474.53,45.35,9178.04,25829.50,61353.00,,,,,,,,,,
rail_transport,51.70,8.42,33.52,0.90,2.16,0.74,2.04,903.10,27.75,302.79,247.84,8.28,2.51,24.81,1.63,18.22,6.40,1.73,50.03,6.18,4.42,11.72,5.24,8.10,6.93,1.45,0.88,4.44,0.01,0.06,0.23,11.24,10.83,3.12,10.99,3.48,15.22,13.60,1.46,37.30,6.30,11.05,0.30,3.57,0.83,15.94,2.39,1.57,110.79,277.75,1.74,34.33,9.27,11.48,8.42,3.43,9.33,3.51,2.55,1.81,0.62,6.39,3.20,0.98,44.47,1.47,0.94,2.09,120.27,36.93,32.49,43.92,109.95,743.99,76.83,5.69,47.03,425.72,382.79,61.07,17.60,41.38,356.96,2.88,2.57,1.09,1.18,30.75,0.07,3.69,10.85,8.02,23.10,0.44,15.49,44.61,10.44,21.93,10.22,30.07,5.59,6.50,11.36,16.10,4.15,21.77,12.11,3.96,15.16,4.30,5.69,4.98,4.44,1.16,5265.24,4434.38,6.27,160.86,50.98,79.38,63.89,5653.99,10449.76,15715.00,,,,,,,,,,
water_pipeline_and_other_transport,41.37,3.40,12.16,7.58,0.68,17.04,4.12,53.98,157.09,57.52,39.17,7.04,46.42,23.08,0.63,23.74,7.62,10.90,18.13,12.19,13.51,28.86,19.14,12.88,14.10,0.26,0.36,2.50,0.05,0.62,0.45,5.74,17.87,25.42,56.84,11.81,98.26,39.04,1.98,451.49,6.75,63.60,3.46,42.88,7.47,24.71,21.11,6.12,39.75,171.12,3.34,68.73,26.02,20.53,18.05,4.04,2.61,2.20,3.72,2.15,0.93,6.58,2.71,1.30,381.33,4.90,28.35,2.25,7.10,62.73,62.12,83.27,139.59,1517.94,83.93,34.54,119.28,252.68,7.99,1385.04,89.53,30.79,242.31,7.00,2.42,1.08,1.54,46.46,0.12,17.28,48.74,4.21,21.31,1.34,42.60,170.25,3.67,150.75,15.88,110.86,104.35,27.36,50.74,71.96,7.43,57.26,45.92,8.19,14.67,9.62,21.77,17.23,14.45,8.14,7535.16,2883.68,224.36,274.57,112.35,119.86,2.72,923.30,4540.84,12076.00,,,,,,,,,,
air_and_space_transport,39.54,2.94,28.90,1.13,0.50,1.74,11.42,130.46,75.13,58.58,162.58,17.10,29.08,3.44,5.78,4.47,9.53,3.37,21.90,7.32,14.32,19.46,7.92,2.67,5.57,0.18,0.23,2.33,0.01,1.29,0.63,1.46,8.88,2.48,28.65,13.59,24.20,14.13,0.49,33.42,5.14,54.15,0.51,1.86,0.72,24.26,1.40,2.47,15.24,1.17,0.47,49.22,5.84,15.45,23.77,10.43,1.20,2.25,19.73,12.48,3.06,50.21,5.81,2.17,33.77,58.24,3.08,46.30,22.40,137.91,42.71,47.89,105.69,726.78,314.68,112.45,109.08,196.14,23.62,27.33,1166.49,162.85,1265.06,13.39,24.36,36.60,19.30,83.66,0.71,82.73,83.44,197.10,28.00,0.09,57.15,990.71,518.32,432.46,69.33,424.06,137.02,90.67,210.60,295.43,47.46,105.79,59.97,63.04,137.92,98.10,18.47,38.89,83.01,5.27,10161.41,14047.18,48.82,98.60,3.25,20.45,7.05,5868.25,20093.59,30255.00,,,,,,,,,,
postal_and_courier_pick-up_and_delivery_service,57.11,10.19,38.49,1.50,2.14,2.15,8.76,82.86,86.66,24.99,150.16,10.06,15.08,19.29,3.40,22.44,6.33,1.64,13.60,8.98,8.13,15.39,11.19,4.66,4.13,0.97,0.93,2.99,0.01,1.65,0.85,11.48,12.81,3.84,13.27,15.74,8.55,12.49,0.46,21.43,2.05,42.63,0.37,3.49,1.43,33.28,6.57,3.35,15.75,11.55,0.95,22.40,5.15,11.77,9.27,6.77,3.86,1.61,10.70,11.55,2.19,26.11,6.67,4.18,22.22,36.12,4.80,29.39,96.02,240.43,112.73,109.18,295.41,593.14,543.50,44.39,20.66,637.19,14.37,18.02,84.65,781.53,568.33,43.24,28.01,15.87,5.39,134.88,0.95,158.79,895.81,932.43,110.01,1.25,91.80,1013.69,9.64,407.50,78.49,675.49,27.86,131.82,273.52,292.58,54.47,513.97,275.89,43.90,120.43,107.50,65.68,31.01,162.59,9.05,11926.02,1800.42,37.50,256.08,61.53,86.72,2.97,1814.75,4059.98,15986.00,,,,,,,,,,
transport_support_services_and_storage,1112.31,42.75,203.95,17.91,11.30,31.53,59.49,1142.52,437.90,208.06,724.35,82.91,27.85,170.63,6.43,147.32,38.76,17.66,222.60,73.71,87.37,170.13,219.32,132.18,109.51,3.85,5.70,12.49,0.05,2.45,6.00,71.46,81.72,41.26,466.33,98.76,278.44,586.57,26.09,162.96,99.34,259.61,4.12,28.62,9.03,270.42,23.60,13.04,145.15,117.46,16.23,829.03,294.75,197.79,239.98,55.27,17.92,18.38,30.78,25.85,5.25,74.42,36.46,13.91,41.10,45.08,5.85,30.54,101.88,563.85,654.42,913.49,1463.86,6769.25,1191.95,45.79,320.54,1583.26,768.66,465.59,2937.42,546.34,7060.02,31.67,26.51,10.16,10.95,1229.41,1.85,194.44,104.06,114.20,266.22,5.64,341.29,1804.68,100.65,847.04,209.19,634.06,300.89,215.64,280.49,436.98,183.30,339.57,174.17,40.35,131.86,92.86,207.08,83.69,137.61,8.21,44242.56,3781.92,15094.47,1099.40,233.13,682.30,-14.86,3660.09,24536.44,68779.00,,,,,,,,,,
publishing_(except_internet_and_music_publishing),9.07,0.58,6.38,0.08,0.05,0.16,2.25,4.68,8.69,1.77,10.08,0.83,7.15,0.53,0.06,7.00,0.32,0.02,0.71,1.53,1.20,1.97,1.70,0.66,1.42,0.16,0.21,2.06,0.01,0.10,0.24,0.57,4.99,28.78,28.28,8.37,2.69,14.09,0.08,11.34,0.57,21.09,4.73,1.03,0.39,4.72,0.97,0.12,4.53,0.13,0.07,34.28,1.76,3.99,17.41,4.91,0.58,0.23,2.58,4.05,0.64,8.32,2.10,0.85,0.30,0.56,4.81,2.82,25.73,25.71,21.26,22.25,107.29,365.45,674.77,34.31,51.39,27.25,21.52,10.86,6.85,101.80,35.35,10.18,24.85,6.17,20.68,132.77,22.22,72.82,47.36,17.24,51.25,0.00,67.20,628.74,5.05,240.18,61.59,174.59,11.90,74.23,199.82,292.57,65.08,29.54,69.54,59.95,23.03,28.44,35.45,8.34,170.91,7.73,4490.60,1607.96,16.40,234.71,95.04,151.27,132.11,1871.92,4109.40,8600.00,,,,,,,,,,
motion_picture_and_sound_recording,0.16,0.02,0.10,0.02,0.01,0.01,0.02,0.28,2.89,0.14,0.71,0.02,0.10,0.13,0.00,0.05,0.03,0.01,0.07,0.09,1.78,0.09,0.28,0.08,0.08,0.00,0.01,0.01,0.00,0.00,0.00,0.08,0.09,0.01,0.07,0.07,0.15,0.11,0.00,0.14,0.03,0.08,0.01,0.03,0.01,0.11,0.02,0.01,0.05,0.06,0.01,0.17,0.03,0.06,1.62,0.02,0.03,0.02,0.09,0.03,0.01,0.08,0.02,0.02,0.07,0.11,0.01,0.04,0.01,0.25,0.10,0.10,30.32,5.21,16.12,6.28,16.28,1.43,0.03,16.77,4.02,0.14,1.25,0.24,1910.38,1721.23,0.08,292.40,6.45,5.95,7.39,1.07,56.01,0.00,38.67,392.32,2.61,256.68,1.53,14.64,6.34,51.23,36.58,46.13,3.36,4.59,9.49,145.45,1.02,33.84,2.01,0.03,12.27,1.71,5170.71,1254.53,298.55,956.87,3.78,472.10,-0.56,410.02,3395.29,8566.00,,,,,,,,,,
broadcasting_(except_internet),0.88,0.66,0.76,6.76,0.00,5.37,5.52,3.70,6.62,6.97,34.47,1.65,5.14,15.40,0.89,7.57,5.47,3.87,11.43,9.19,8.11,6.52,8.76,4.65,4.65,0.28,0.00,0.46,0.00,0.15,0.00,2.78,8.44,1.07,1.13,1.20,0.08,21.58,0.00,10.83,4.78,7.74,7.02,3.16,0.80,0.98,0.69,0.66,1.72,0.10,0.63,3.04,1.02,2.57,4.89,11.78,40.30,58.76,2.58,3.78,2.21,4.05,0.50,0.48,3.43,2.15,3.22,10.25,16.80,27.07,6.42,16.66,301.60,211.57,699.93,340.57,817.68,35.10,0.14,2.62,231.56,13.60,67.66,0.31,117.98,23.47,155.57,949.11,3.04,241.97,51.18,27.10,120.88,0.00,247.29,516.22,7.06,233.45,251.39,44.70,37.35,83.24,39.74,57.88,5.74,189.87,222.65,106.38,82.19,171.55,13.59,20.24,50.75,3.15,7260.33,1845.48,689.96,470.74,0.78,13.06,0.00,211.67,3231.67,10492.00,,,,,,,,,,
internet_service_providers_internet_publishing_and_broadcasting_websearch_portals_and_data_processing,11.00,1.12,9.28,0.27,0.01,0.51,2.12,68.08,61.11,7.19,46.83,2.44,7.10,17.69,0.07,28.23,3.40,0.06,3.48,2.97,4.15,9.12,26.68,2.31,10.99,0.05,0.09,7.54,0.00,0.24,0.24,2.09,26.99,103.67,107.23,32.23,32.22,47.92,0.10,46.12,1.84,91.52,2.18,6.01,0.96,31.94,4.25,1.27,139.69,0.69,4.44,44.86,3.00,19.72,266.22,9.20,10.62,0.02,16.59,12.20,4.27,49.67,2.81,1.23,65.20,117.12,5.33,17.75,70.68,216.94,80.39,88.84,228.63,751.74,1178.15,82.25,51.78,185.19,10.27,19.28,12.83,98.46,289.43,104.49,23.93,7.75,765.83,600.92,97.60,602.16,282.62,675.22,77.39,0.00,119.69,970.66,506.78,234.99,85.73,460.09,14.09,121.26,208.98,382.79,254.48,121.29,136.40,190.83,63.43,79.49,38.14,28.81,199.26,14.41,12497.95,2444.89,47.75,159.71,2.79,37.94,0.23,661.73,3355.05,15853.00,,,,,,,,,,
telecommunication_services,41.09,7.48,58.24,2.56,0.01,4.66,19.55,95.71,107.04,11.07,91.71,4.06,40.40,36.51,0.06,140.49,5.79,0.08,13.34,7.77,9.86,16.10,50.11,5.92,21.16,0.07,0.11,13.10,0.00,0.45,0.34,6.04,79.31,5.77,61.82,80.41,187.14,81.11,0.04,99.06,6.80,170.67,2.72,14.03,4.13,111.91,22.28,6.88,216.20,1.26,6.33,196.57,13.52,66.25,428.59,49.08,35.02,0.11,54.74,43.58,11.74,185.37,24.18,12.68,133.74,245.12,26.30,102.25,130.32,699.40,411.72,384.47,900.29,2232.58,2785.59,141.98,213.54,427.14,37.80,37.03,80.61,215.54,797.92,179.82,39.79,183.84,3264.19,9909.11,4.34,1160.62,474.57,1198.12,313.00,0.00,406.39,1544.16,992.05,719.53,303.33,1340.47,72.86,278.78,701.80,746.19,223.91,772.68,366.38,158.52,176.82,221.91,257.88,186.79,630.65,36.11,39958.16,15925.20,150.84,1436.41,487.77,564.88,0.00,1821.74,20386.84,60345.00,,,,,,,,,,
library_and_other_information_services,0.10,0.03,0.05,0.04,0.00,0.00,0.02,0.11,0.12,0.04,0.20,0.02,0.02,0.03,0.00,0.02,0.01,0.01,0.03,0.01,0.03,0.02,0.04,0.00,0.01,0.00,0.00,0.00,0.00,0.00,0.00,0.02,0.02,0.02,0.03,0.02,0.04,0.01,0.00,0.04,0.01,0.07,0.00,0.02,0.01,0.06,0.04,0.01,0.02,0.03,0.00,0.06,0.01,0.03,0.06,0.05,0.02,0.00,0.07,0.01,0.00,0.03,0.02,0.03,0.00,0.03,0.00,0.04,0.00,0.18,0.08,0.09,0.52,0.20,0.11,0.02,0.05,0.10,0.02,0.02,0.03,0.03,0.02,0.02,0.00,0.00,0.47,0.38,0.00,0.98,1.29,0.21,0.10,0.00,0.19,4.11,0.87,1.29,0.12,4.10,0.09,0.97,2.34,3.89,1.54,0.10,0.08,0.02,0.03,1.45,0.13,0.12,0.05,0.02,28.32,487.20,1291.00,2.81,0.21,0.53,0.00,161.93,1943.68,1972.00,,,,,,,,,,
finance,1682.92,132.00,784.84,28.13,1.36,47.53,150.74,905.94,4080.17,1486.80,532.50,182.08,428.63,155.03,1.73,46.45,20.85,1.58,72.44,38.83,33.10,68.17,66.30,337.20,217.83,0.21,0.68,16.58,1.23,8.03,0.77,6.72,38.06,11.79,20.19,33.99,12.47,74.31,0.12,124.13,12.93,47.62,1.34,39.51,6.93,36.66,4.71,6.27,82.45,107.59,0.13,73.21,7.54,31.99,51.87,11.81,57.57,36.56,24.69,33.02,2.91,66.99,17.14,14.81,1202.08,1472.29,172.65,1713.28,75.88,1081.41,727.92,528.14,1613.90,1785.44,1554.35,475.71,788.18,425.87,325.98,505.15,123.87,70.54,2714.02,60.12,49.15,127.03,108.60,1198.56,0.97,9174.38,9209.96,1695.73,751.84,30425.52,5792.79,5669.03,293.46,902.14,293.31,2066.21,194.57,249.16,811.50,362.40,176.01,1655.50,209.83,32.11,100.07,96.72,101.49,47.93,273.99,26.76,102142.25,39707.02,115.14,1535.73,15.47,374.33,0.00,4036.06,45783.75,147926.00,,,,,,,,,,
insurance_and_superannuation_funds,91.76,8.36,44.05,4.75,0.74,7.12,16.04,49.49,116.90,46.11,56.69,21.03,20.82,5.28,1.09,2.96,2.61,2.97,8.21,4.73,9.29,14.03,4.25,2.68,4.09,1.07,0.53,3.11,1.22,0.83,0.79,3.62,9.59,2.52,3.39,6.60,9.65,5.38,1.18,6.64,3.11,7.68,2.17,2.75,1.43,7.42,2.11,1.49,10.87,2.25,1.78,19.55,4.26,7.45,5.65,2.98,5.54,7.80,6.47,5.39,2.89,12.52,3.43,3.81,5.92,16.55,1.12,11.82,15.54,92.15,73.37,66.39,384.89,241.16,241.75,20.77,139.95,125.25,13.19,8.85,9.94,24.74,47.67,5.74,9.31,3.68,8.57,67.70,0.56,968.23,289.08,130.34,114.65,2380.81,119.45,398.21,71.75,103.56,70.80,346.25,5.01,25.94,33.73,22.44,31.45,125.73,49.74,11.83,21.45,18.61,32.96,13.24,42.70,3.90,7801.43,47966.76,1.23,271.00,15.49,54.91,0.00,485.19,48794.58,56596.00,,,,,,,,,,
auxiliary_finance_and_insurance_services,1070.45,85.82,936.42,13.27,0.00,47.83,123.02,449.97,923.39,456.02,706.76,126.80,149.15,101.64,1.41,87.62,14.54,11.33,40.12,23.88,64.93,61.02,99.32,73.35,50.66,0.13,3.63,11.32,0.04,1.42,4.31,16.54,86.83,19.85,49.78,64.52,130.57,72.59,0.46,139.03,13.25,110.84,9.96,24.99,5.83,129.41,11.41,2.68,214.87,6.73,5.65,192.05,15.79,19.98,140.51,27.61,16.05,1.62,32.79,25.53,10.43,113.50,29.61,22.02,1772.11,1998.89,132.59,868.20,2519.14,1052.07,302.15,209.36,2665.85,1720.28,1505.37,717.64,936.56,826.13,160.55,484.40,68.16,82.96,1556.37,1.71,49.21,2.35,49.68,351.71,1.11,798.82,7450.88,1112.95,528.43,1.97,4095.91,2210.47,313.32,967.27,235.14,3364.42,2.34,72.16,803.27,819.94,204.39,1823.27,221.08,46.90,132.18,126.25,248.58,81.13,37.64,2.06,53238.21,3047.11,1.15,415.16,9.13,96.90,0.01,1214.35,4783.79,58022.00,,,,,,,,,,
rental_and_hiring_services_(except_real_estate),156.62,18.63,79.82,55.03,4.78,72.11,151.90,504.58,1327.65,139.36,856.43,63.34,29.97,17.23,0.15,19.79,2.80,2.39,15.12,13.46,12.66,13.21,21.70,1.46,2.29,0.09,0.29,2.06,0.00,0.57,0.64,5.17,28.67,11.95,42.80,41.65,207.08,14.63,0.03,20.15,2.74,50.48,1.51,6.54,2.48,34.11,11.87,1.65,89.97,6.66,5.08,100.83,11.86,32.95,73.04,52.86,22.60,0.19,23.77,7.62,2.35,33.36,7.85,8.75,136.25,255.78,87.93,10.41,22.75,629.55,174.90,1036.39,2435.46,817.04,645.44,103.71,276.55,221.01,91.76,10.50,47.38,133.19,576.52,11.48,60.97,34.68,118.67,254.95,1.99,233.56,217.36,150.11,270.73,0.08,445.98,893.61,748.72,294.55,417.78,538.76,54.28,173.58,80.68,129.53,21.14,744.52,317.33,59.02,218.29,159.15,254.31,893.82,351.23,17.00,20429.77,1073.97,0.00,77.85,1.42,19.19,0.31,1309.49,2482.23,22912.00,,,,,,,,,,
ownership_of_dwellings,0.00,0.00,0.00,0.00,0.00,0.00,0.00,0.00,0.00,0.00,0.00,0.00,0.00,0.00,0.00,0.00,0.00,0.00,0.00,0.00,0.00,0.00,0.00,0.00,0.00,0.00,0.00,0.00,0.00,0.00,0.00,0.00,0.00,0.00,0.00,0.00,0.00,0.00,0.00,0.00,0.00,0.00,0.00,0.00,0.00,0.00,0.00,0.00,0.00,0.00,0.00,0.00,0.00,0.00,0.00,0.00,0.00,0.00,0.00,0.00,0.00,0.00,0.00,0.00,0.00,0.00,0.00,0.00,0.00,0.00,0.00,0.00,0.00,0.00,0.00,0.00,0.00,0.00,0.00,0.00,0.00,0.00,0.00,0.00,0.00,0.00,0.00,0.00,0.00,0.00,0.00,0.00,0.00,0.00,0.00,0.00,0.00,0.00,0.00,0.00,0.00,0.00,0.00,0.00,0.00,0.00,0.00,0.00,0.00,0.00,0.00,0.00,0.00,0.00,0.00,209099.00,299.00,0.00,0.00,0.00,0.00,4152.00,213550.00,213550.00,,,,,,,,,,
non-residential_property_operators_and_real_estate_services,282.59,34.17,202.40,0.00,0.00,0.88,55.63,306.06,296.52,113.98,1469.56,46.66,26.80,123.92,0.93,64.25,17.35,13.06,33.54,43.65,33.17,66.43,20.81,11.45,21.55,0.08,0.63,3.99,0.00,1.15,0.53,25.92,53.68,67.22,67.53,66.48,590.60,33.18,0.10,52.00,8.43,75.63,4.18,45.88,10.25,112.28,21.51,2.74,46.24,7.68,32.47,309.75,62.51,115.10,99.07,112.43,32.56,135.26,32.61,29.81,6.66,84.68,2.12,4.99,20.76,36.89,1.30,9.58,312.25,778.91,183.36,631.38,4114.45,8785.22,8193.66,228.80,5543.93,996.88,561.23,85.12,466.48,852.15,1442.13,89.53,162.56,179.44,199.80,2939.49,6.42,229.16,1040.03,1194.21,3999.28,1098.09,4203.44,5702.18,2064.17,2905.80,1784.00,1108.72,56.06,545.86,928.88,1251.89,548.61,1004.35,663.46,239.54,565.30,283.82,127.39,53.61,269.94,38.98,74371.81,9.66,99.46,11976.21,2.37,17.72,0.01,102.76,12208.19,86580.00,,,,,,,,,,
professional_scientific_and_technical_services,1466.69,143.91,937.10,71.43,1.50,29.99,320.63,1782.69,503.46,1084.29,2893.79,158.88,4634.38,140.54,11.94,332.69,70.28,14.95,295.36,106.51,321.02,289.92,334.38,107.81,139.94,0.60,3.55,34.07,0.28,8.95,4.20,36.32,297.85,88.32,629.74,545.39,554.40,1010.83,1.98,299.98,53.41,600.27,29.88,95.21,50.74,527.55,237.11,31.47,259.09,12.25,15.12,861.26,125.69,404.53,406.36,1087.15,235.50,866.48,253.08,658.76,48.96,1248.57,108.82,48.14,384.59,713.62,215.69,684.18,3467.62,3941.81,2597.98,7345.05,7188.78,6825.46,8076.79,298.79,904.64,3477.02,84.79,454.49,1027.10,398.00,3134.94,582.70,347.55,572.35,459.21,4503.30,13.63,731.30,1474.72,8601.40,1239.04,393.00,6786.05,32737.15,6238.72,5673.56,1272.09,5013.59,870.48,629.02,1121.48,1375.80,225.05,3640.49,1275.56,453.22,1694.02,1334.42,1034.89,943.64,790.71,46.21,171271.66,6523.42,4715.85,9570.48,44.56,673.77,0.11,7136.15,28664.34,199936.00,,,,,,,,,,
computer_systems_design_and_related_services,14.71,3.56,7.79,5.64,0.09,0.54,7.83,88.52,55.81,16.94,99.14,5.86,15.79,19.35,0.17,21.23,6.01,2.49,15.67,12.53,17.02,25.47,31.94,2.23,8.07,0.06,0.66,9.58,0.00,0.60,0.77,4.53,20.49,8.00,38.80,32.62,37.97,57.85,0.23,58.06,17.60,64.73,7.89,22.66,7.88,51.81,14.85,2.26,98.12,3.49,6.09,47.00,11.90,25.99,170.64,15.42,15.35,10.87,76.91,26.50,7.39,66.75,10.15,6.32,46.67,89.38,14.78,10.79,57.49,124.04,46.75,58.79,312.97,1346.47,656.67,54.61,73.31,194.57,31.69,34.47,56.00,113.16,248.32,215.30,15.51,0.11,332.13,3065.66,5.97,5395.81,7302.93,1976.93,155.91,0.02,223.89,2934.51,4860.50,1454.22,122.95,2898.19,658.68,1343.53,780.23,910.66,179.16,348.95,307.02,173.11,52.47,66.30,26.20,38.30,340.48,58.87,41358.61,5.61,25.00,15471.15,1044.04,2995.47,0.07,2756.04,22297.39,63656.00,,,,,,,,,,
employment_travel_agency_and_other_administrative_services,963.01,39.02,106.12,45.05,0.61,17.48,150.82,432.63,399.69,61.88,431.66,94.66,207.36,523.93,2.89,39.50,147.15,2.76,25.92,75.16,50.92,137.34,167.61,7.34,141.87,0.07,0.75,15.89,1.96,60.12,9.33,42.13,246.90,8.60,113.95,125.12,79.49,189.65,0.28,122.09,23.55,313.14,42.56,31.11,8.32,336.01,69.92,12.80,183.02,41.47,1.01,310.91,17.51,55.11,295.65,22.19,112.25,42.37,67.17,70.42,23.31,256.78,57.87,40.53,225.64,404.42,10.28,238.01,276.78,757.24,238.55,1087.11,2159.26,2199.33,2015.40,794.35,2859.71,880.58,252.07,255.67,2601.04,350.40,3620.14,224.96,170.65,84.99,139.25,406.09,244.57,2391.58,5248.63,2682.29,1102.52,58.41,992.94,9178.88,3353.65,3204.43,984.64,1248.03,9.61,1740.60,1277.66,1654.21,297.92,3914.31,1483.41,555.40,1074.80,502.27,161.94,352.25,921.99,16.68,74629.23,2720.23,4802.51,143.51,4.45,32.46,0.04,3318.58,11021.77,85651.00,,,,,,,,,,
building_cleaning_pest_control_and_other_support_services,20.95,12.36,48.83,22.19,0.03,11.96,52.01,4.63,34.20,2.24,53.15,0.90,4.06,70.36,10.10,67.02,78.62,20.76,36.97,73.87,47.18,41.03,26.78,57.33,103.02,1.15,1.02,11.32,0.00,0.56,3.06,18.95,30.95,12.49,73.70,36.96,14.93,79.85,0.18,19.36,3.06,28.92,14.57,58.03,30.32,81.43,31.50,15.75,4.38,0.61,5.61,20.49,5.03,11.00,8.90,22.03,7.15,0.61,4.66,7.85,2.09,19.18,6.48,5.91,1.18,6.92,5.58,7.93,80.25,365.54,197.55,279.61,1334.81,1392.07,517.35,757.00,518.94,88.56,69.38,61.79,110.99,172.50,966.70,3.45,12.73,1.05,2.35,175.19,0.95,9.88,9.69,27.14,284.63,533.75,3130.06,1180.53,7.79,76.83,950.71,508.69,63.54,558.33,543.72,581.01,98.73,1135.47,871.12,52.47,368.86,202.32,16.27,19.98,517.35,96.64,20576.49,1455.97,0.05,26.39,0.56,6.27,0.04,49.23,1538.51,22115.00,,,,,,,,,,
public_administration_and_regulatory_services,35.57,1.60,43.73,5.16,0.22,10.41,20.40,363.21,252.31,144.40,669.74,45.94,19.72,44.43,0.00,4.94,0.14,0.49,15.95,5.95,30.32,46.67,49.07,3.18,7.39,0.01,0.01,0.88,0.02,0.03,0.02,3.36,19.29,11.85,101.84,41.33,95.87,10.53,0.02,235.26,17.95,85.17,0.19,3.01,0.84,38.90,3.58,0.32,46.67,1.51,1.56,58.86,15.35,20.51,137.02,32.73,7.11,0.30,7.50,6.33,1.60,22.83,2.06,0.10,22.85,40.01,0.29,108.20,0.07,885.85,481.03,439.08,518.65,280.87,403.87,4.15,10.76,1506.03,35.06,7.24,0.86,176.12,894.12,5.37,12.07,954.00,2.74,258.21,0.94,178.37,189.69,357.56,102.88,0.00,91.12,1650.03,704.85,407.14,208.46,2729.38,120.40,251.74,628.68,653.11,115.69,361.98,291.52,42.41,18.57,21.30,190.68,79.51,166.24,2.64,19465.67,1543.61,76918.00,1474.16,31.05,177.29,0.00,233.22,80377.33,99843.00,,,,,,,,,,
defence,0.00,0.00,0.00,0.00,0.00,0.00,0.05,0.24,0.09,0.04,0.32,0.02,0.09,0.05,0.00,0.08,0.06,0.02,0.08,0.11,0.08,0.18,0.16,0.00,0.04,0.00,0.00,0.05,0.00,0.00,0.00,0.04,0.15,0.05,0.15,0.14,0.15,0.20,0.00,0.25,0.14,0.14,0.06,0.15,0.06,0.31,0.07,0.02,0.08,0.00,0.04,0.15,0.09,0.15,0.04,0.07,0.10,0.12,0.59,0.20,0.03,0.39,0.08,0.02,0.12,0.22,0.13,0.01,0.02,0.42,0.14,0.16,0.98,9.43,4.47,0.37,0.52,0.60,0.20,0.23,0.39,0.66,1.00,1.06,0.10,0.00,0.80,22.77,0.05,57.74,76.51,10.58,1.03,0.00,1.11,22.13,26.72,10.28,0.57,23.68,3.33,8.86,5.19,5.97,1.24,2.03,2.57,1.23,0.43,0.57,0.03,0.13,1.77,0.49,315.03,0.00,34161.00,786.14,18.55,182.34,0.00,160.94,35308.97,35624.00,,,,,,,,,,
public_order_and_safety,1.02,0.00,0.41,0.78,0.00,1.40,3.77,163.64,38.60,60.66,252.01,17.28,43.27,5.89,0.00,3.17,0.03,0.01,0.86,15.61,3.20,2.57,18.04,0.10,10.82,0.00,0.00,0.88,0.00,0.35,0.25,4.38,26.24,20.41,53.02,1.04,80.95,120.86,0.00,45.35,6.38,119.20,7.28,9.79,0.13,62.74,24.25,0.46,2.71,0.03,0.02,124.78,13.33,32.88,121.48,13.37,0.48,0.06,23.60,11.16,4.68,53.56,9.59,2.99,39.35,50.96,2.11,25.29,21.15,135.94,109.73,115.55,500.22,255.88,234.78,15.03,59.22,113.04,3.13,7.80,9.41,54.47,318.58,0.55,48.37,1.00,0.42,11.85,1.01,105.18,65.43,30.47,189.05,7.34,285.70,1053.31,415.42,223.16,108.46,353.11,11.71,73.93,174.72,182.43,36.76,225.07,176.26,78.45,83.98,103.71,54.86,130.98,143.25,3.43,8092.82,230.06,23198.00,100.94,6.71,19.63,0.00,64.84,23620.18,31713.00,,,,,,,,,,
primary_and_secondary_education_services_(including_pre-schools_and_special_schools),0.04,0.01,0.01,0.00,0.00,0.00,0.01,0.03,0.01,0.05,0.07,0.00,0.01,0.08,0.00,0.02,0.01,0.00,0.02,0.02,0.03,0.03,0.02,0.01,0.01,0.00,0.00,0.01,0.00,0.00,0.00,0.04,0.04,0.02,0.02,0.01,0.02,0.02,0.00,0.03,0.01,0.02,0.00,0.01,0.01,0.04,0.01,0.00,0.02,0.06,0.00,0.02,0.01,0.02,0.01,0.01,0.01,0.01,0.05,0.02,0.00,0.03,0.01,0.00,0.02,0.03,0.01,0.02,0.00,0.10,0.05,0.04,0.23,0.70,0.41,0.04,0.11,0.05,0.03,0.02,0.05,0.05,0.08,0.08,0.01,0.00,0.06,1.60,0.00,4.02,5.33,0.74,0.12,0.00,0.10,1.56,1.86,0.72,0.04,1.77,0.24,0.62,0.38,0.43,0.09,0.16,0.19,0.09,0.04,0.04,0.01,0.01,0.13,0.04,23.59,27450.75,41310.00,11.76,0.88,2.21,0.01,564.80,69340.41,69364.00,,,,,,,,,,
technical_vocational_and_tertiary_education_services_(including_undergraduate_and_postgraduate),2.11,0.26,2.31,0.21,0.01,0.40,1.18,30.53,26.79,9.33,38.84,1.71,7.18,8.36,0.00,9.56,0.91,0.55,2.78,2.71,5.41,2.67,4.39,1.02,1.06,0.01,0.02,0.86,0.00,0.55,0.03,0.52,4.26,1.35,3.80,6.91,26.65,15.33,0.01,6.26,1.19,11.18,0.20,1.81,0.34,18.64,2.17,0.18,8.48,1.12,0.27,15.81,1.11,3.20,14.13,3.96,2.79,0.03,6.24,2.99,0.95,12.26,0.78,0.23,1.50,48.36,3.20,7.17,50.18,25.73,5.99,7.16,41.85,29.35,24.00,5.19,8.68,21.03,6.37,2.21,6.20,7.01,58.46,7.42,2.02,4.11,0.06,11.09,0.99,312.71,89.75,319.87,24.22,0.00,30.51,323.77,66.04,117.85,58.76,74.39,17.39,53.07,273.37,320.74,45.37,65.81,86.22,26.06,3.54,4.34,44.35,7.49,75.42,12.05,3175.28,18068.26,17096.00,1096.29,10.91,267.34,0.00,15048.92,51587.72,54763.00,,,,,,,,,,
arts_sports_adult_and_other_education_services_(including_community_education),0.69,0.17,0.27,0.07,0.00,0.15,0.80,6.84,3.43,2.08,17.89,0.00,1.31,0.64,0.29,0.25,0.13,0.03,0.13,0.11,0.62,0.22,0.83,0.09,0.19,0.00,0.10,0.91,0.04,0.01,0.00,0.22,1.15,0.54,1.09,1.22,1.16,8.04,0.01,0.90,0.13,1.17,0.03,0.25,0.06,2.76,0.70,0.02,1.28,0.70,0.01,2.06,1.04,0.52,0.91,0.14,0.07,0.01,0.47,0.13,0.12,0.47,0.99,0.17,0.97,2.04,0.00,2.75,8.34,3.75,3.91,5.34,24.12,14.90,12.17,1.33,2.24,14.78,1.58,1.44,1.34,1.51,4.26,1.32,1.28,0.01,0.02,0.77,0.00,1.40,1.87,0.26,5.07,0.00,14.71,32.61,0.64,9.49,4.20,43.55,0.09,1.37,56.87,96.11,266.97,7.26,41.93,57.38,179.80,0.66,1.84,1.80,3.45,0.25,1006.57,7270.29,1429.00,40.76,0.66,9.73,0.01,969.99,9720.43,10727.00,,,,,,,,,,
health_care_services,0.72,0.12,0.50,2.02,0.50,1.71,1.90,0.72,6.23,1.70,4.36,0.25,2.60,1.29,0.10,0.76,0.41,0.33,0.96,0.70,1.18,0.64,10.55,6.07,5.90,0.73,2.03,3.55,0.06,0.25,1.31,3.66,10.74,4.60,4.08,8.11,4.06,78.86,2.87,118.85,56.75,4.92,4.70,0.81,0.20,1.11,0.24,0.16,4.84,3.88,0.61,0.72,0.57,0.61,0.45,0.26,0.97,1.21,0.99,1.53,0.90,1.73,0.61,0.61,2.75,1.41,0.02,1.96,0.01,0.10,2.15,4.65,5.38,12.30,15.87,7.96,8.13,0.22,0.38,2.38,0.12,27.99,13.51,9.78,0.17,0.03,0.17,2.47,0.01,25.64,2245.28,64.47,6.87,0.00,8.80,28.14,2.02,21.45,33.90,111.75,126.58,13.95,73.73,117.58,12.42,1205.16,201.20,0.13,11.98,3.26,5.18,7.91,13.48,0.96,4847.16,40842.68,68464.00,254.47,3.22,61.46,0.00,611.01,110236.84,115084.00,,,,,,,,,,
residential_care_and_social_assistance_services,0.00,0.00,0.04,0.00,0.00,0.00,0.01,0.09,0.03,0.70,0.74,0.00,0.03,0.24,0.00,0.02,0.03,0.00,0.01,0.02,0.28,0.06,0.03,0.00,0.01,0.00,0.00,0.01,0.00,0.00,0.00,0.12,0.03,0.21,0.09,0.03,0.03,0.03,0.00,0.04,0.02,0.06,0.01,0.03,0.01,0.06,0.01,0.00,0.13,0.42,0.01,0.03,0.02,0.03,0.01,0.01,0.02,0.02,0.10,0.03,0.01,0.07,0.01,0.00,0.06,0.29,0.02,0.20,0.02,0.07,0.04,0.14,0.18,2.13,1.97,0.12,0.68,0.14,0.27,0.04,0.07,0.16,0.35,0.18,0.03,0.01,0.14,4.10,0.01,10.06,13.34,1.84,0.99,0.00,0.53,8.24,4.65,1.85,0.12,5.97,0.58,1.55,1.04,1.09,0.29,916.43,37.27,0.22,0.09,0.10,0.05,0.02,0.31,0.12,1022.24,24219.54,55214.00,166.42,3.51,38.96,0.00,199.33,79841.76,80864.00,,,,,,,,,,
heritage_creative_and_performing_arts,3.94,0.09,0.67,1.14,1.10,0.95,2.36,5.12,4.83,3.83,20.91,0.95,8.98,0.25,0.01,0.15,0.07,0.05,0.30,0.24,0.42,0.37,2.02,0.89,0.59,0.00,0.01,0.05,0.00,0.01,0.01,0.45,0.64,0.19,0.54,0.49,1.65,0.66,0.00,0.76,0.10,0.59,0.02,0.18,0.06,0.71,0.19,0.03,0.31,0.13,0.06,1.46,0.23,0.46,1.05,0.75,0.24,0.18,0.45,0.11,0.04,0.42,0.75,0.38,5.26,15.54,0.05,2.02,0.72,17.04,0.47,1.32,16.12,20.40,35.29,18.87,33.45,3.86,17.21,1.33,0.72,1.82,3.28,139.75,229.82,74.27,13.09,60.03,2.02,23.03,8.22,9.48,44.67,0.00,13.86,440.48,8.56,193.62,53.75,48.53,42.62,33.99,347.05,413.24,78.80,79.42,161.80,692.56,253.95,124.23,1.36,1.24,42.47,24.94,3930.20,1396.67,3519.95,243.19,0.97,2.43,0.00,439.57,5602.80,9533.00,,,,,,,,,,
sports_and_recreation,3.63,1.69,2.19,1.78,0.03,0.16,1.60,56.47,68.55,19.89,80.73,7.50,0.95,0.47,0.00,0.81,0.20,0.36,0.92,0.34,1.28,0.67,1.85,0.11,0.24,0.00,0.02,0.08,0.00,0.09,0.11,0.12,0.16,0.94,1.48,0.91,2.98,0.45,0.00,1.34,0.27,3.04,0.09,0.72,0.37,2.78,1.69,0.16,1.00,0.92,0.12,3.25,0.70,1.36,5.30,2.44,0.76,0.34,2.91,0.39,0.17,1.09,0.59,1.32,14.74,10.97,0.09,1.96,0.77,113.41,61.38,61.42,177.37,285.94,248.38,15.94,23.48,11.38,2.08,7.85,19.19,2.98,3.44,0.26,136.29,0.46,22.35,7.33,0.53,58.72,68.63,90.11,41.41,0.00,71.91,388.99,26.08,139.49,10.34,100.09,96.49,54.11,273.15,306.31,60.24,252.46,210.24,54.03,1716.98,441.97,6.57,6.61,94.50,11.92,6104.22,10146.83,3162.25,84.68,1.13,20.40,0.00,908.49,14323.78,20428.00,,,,,,,,,,
gambling,4.48,0.69,3.45,1.18,0.02,0.33,0.64,12.45,7.64,3.57,9.95,0.91,2.33,0.16,0.02,0.42,0.18,0.23,1.23,0.75,1.77,1.23,8.17,3.31,2.20,0.00,0.02,0.18,0.00,0.06,0.07,0.05,0.35,0.56,2.23,1.66,6.42,2.57,0.01,3.21,0.42,2.91,0.05,0.63,0.28,2.91,1.17,0.16,1.19,0.47,0.04,4.76,0.69,1.49,3.50,1.64,0.76,0.00,2.41,0.35,0.16,1.43,0.53,0.87,1.29,2.88,0.12,2.10,1.27,4.65,1.88,3.53,61.44,10.26,9.30,0.32,1.10,6.43,0.61,0.46,0.90,2.69,5.12,0.25,1.12,0.79,12.88,8.26,0.03,9.72,4.60,3.40,2.58,0.00,4.89,72.00,14.72,30.70,2.67,9.83,1.35,5.58,4.82,7.93,0.82,1.81,1.76,0.95,2.42,261.84,4.10,3.55,2.44,0.48,708.12,10178.28,177.27,44.92,0.55,10.86,0.00,790.99,11202.88,11911.00,,,,,,,,,,
automotive_repair_and_maintenance,69.07,3.11,45.44,7.18,3.90,18.88,30.01,131.33,111.33,51.67,273.26,21.61,41.56,6.05,0.23,4.41,5.48,2.06,17.06,11.71,16.86,17.73,23.45,1.62,0.84,0.01,0.04,0.04,0.00,0.00,0.00,3.69,13.13,3.73,5.06,21.96,62.12,29.87,0.04,25.72,4.85,8.07,0.40,4.42,1.75,12.48,2.15,1.20,8.05,1.33,1.94,21.22,4.15,6.41,38.23,0.18,0.03,0.05,1.46,2.54,0.11,12.16,12.64,7.75,25.94,46.04,1.43,50.40,259.50,133.07,26.33,111.49,1127.19,403.21,190.17,6.49,14.85,3176.69,20.80,57.51,13.03,282.51,142.80,1.38,15.02,2.55,0.01,190.52,0.89,57.21,64.11,61.79,62.51,0.02,64.39,127.66,302.98,141.22,162.86,111.11,49.42,66.65,36.35,62.21,5.28,81.74,28.34,29.33,20.75,19.99,84.11,126.22,27.82,1.70,9330.43,11565.50,0.00,41.27,0.46,10.21,0.08,136.05,11753.57,21084.00,,,,,,,,,,
other_repair_and_maintenance,261.61,10.80,108.90,25.09,4.11,11.37,114.73,673.32,482.26,123.57,1929.40,60.20,262.50,32.37,3.32,31.05,5.32,9.12,13.24,29.84,7.74,32.86,4.55,1.46,10.29,0.10,0.46,27.53,0.00,0.62,5.75,28.24,146.14,28.32,81.15,55.36,469.30,51.31,0.01,18.39,2.38,145.63,1.59,9.23,3.01,247.47,10.91,0.33,31.05,0.36,1.40,72.35,11.17,29.13,16.76,30.33,2.70,52.92,15.35,9.05,0.59,49.40,22.38,9.90,103.36,185.61,29.93,124.89,59.08,398.25,60.07,190.88,493.96,708.35,585.53,12.28,48.69,192.23,64.90,70.94,83.60,274.74,560.89,14.15,6.72,10.87,171.46,946.70,0.31,296.09,39.66,177.65,99.39,40.92,165.15,785.66,184.76,338.86,338.90,107.11,73.98,84.16,158.27,188.17,30.76,97.23,174.57,12.93,20.72,26.53,4.55,57.56,141.71,9.91,14990.71,589.89,0.00,29.67,0.54,7.16,0.05,5.99,633.29,15624.00,,,,,,,,,,
personal_services,9.33,0.95,9.18,2.86,2.76,1.85,1.49,11.02,15.13,2.12,26.56,0.00,2.00,0.97,0.08,0.73,0.44,0.39,0.83,0.73,0.75,0.67,2.35,1.16,1.06,0.05,0.37,0.92,0.01,0.04,0.31,0.25,0.69,1.04,0.91,1.00,3.51,1.64,0.03,0.70,0.44,0.44,0.47,0.86,0.37,0.94,0.31,0.25,2.37,0.19,0.32,0.67,0.37,0.60,1.48,0.14,0.01,0.01,0.42,0.58,0.32,0.61,0.53,1.37,4.99,3.01,0.01,2.90,43.39,14.80,16.51,35.07,43.34,58.53,160.76,40.10,17.83,193.96,2.97,12.03,4.06,6.68,42.82,8.83,108.46,8.28,0.06,1.75,0.95,6.20,5.89,0.81,12.64,18.31,17.12,216.58,2.99,27.16,11.87,30.67,90.56,11.15,30.05,58.34,1.08,1168.38,216.52,69.16,19.55,41.25,1.77,11.76,172.37,5.67,3200.92,12127.01,782.00,40.04,1.23,9.04,0.00,354.76,13314.08,16515.00,,,,,,,,,,
other_services,0.26,0.31,0.37,0.00,0.00,0.00,0.01,9.62,9.19,8.33,44.59,0.85,0.02,7.33,0.00,0.01,0.37,0.00,1.18,0.20,1.01,0.67,0.20,0.00,2.97,0.16,0.11,0.21,0.01,0.10,0.21,0.13,0.96,1.53,6.00,1.16,3.64,8.54,0.00,5.16,1.18,11.01,0.15,0.10,0.01,2.72,0.46,0.00,2.71,0.42,0.00,6.22,0.33,1.81,10.78,1.66,1.21,0.01,1.68,0.09,0.10,2.29,1.82,0.27,0.97,2.53,0.01,1.19,32.10,130.81,72.27,70.53,88.63,8.99,18.74,1.15,3.61,5.25,1.23,6.97,1.09,1.33,4.90,1.23,0.02,0.00,0.08,2.35,0.00,19.54,11.36,1.05,6.19,0.00,4.62,94.93,2.65,22.34,6.90,7.92,123.28,11.30,28.09,41.81,2.26,69.51,51.14,0.13,21.46,1.68,0.63,0.47,22.33,1.01,1171.05,11947.08,26.00,40.54,1.48,8.95,0.00,83.90,12107.95,13279.00,,,,,,,,,,
Total Intermediate Use,23868.03,3497.29,12331.88,950.89,1444.72,1144.55,5089.20,23089.67,18522.39,14971.87,30844.99,2991.99,8129.68,26027.03,792.64,10210.47,2772.48,1100.91,4521.06,4288.43,5186.61,6980.90,3298.57,2213.96,4216.33,317.74,495.57,1555.73,15.98,283.67,170.50,3469.46,5396.67,1702.15,3812.94,2769.31,6433.19,5294.10,171.32,8166.10,1030.78,6937.56,365.94,1668.87,475.44,6108.91,1797.15,896.97,7021.53,34764.22,387.58,9079.05,1696.71,3603.11,4989.98,2530.83,2601.89,2394.62,2370.29,2068.53,465.55,5711.96,1999.90,1034.83,14666.69,30747.78,3340.11,7800.97,10738.72,69695.29,41466.08,38831.51,148849.26,61272.40,51138.73,8574.61,34069.31,28404.88,7669.78,6398.71,14728.35,7946.43,33024.81,3028.02,4732.19,4637.06,6808.73,34981.63,444.73,26099.05,39202.67,24824.35,13559.92,50733.76,37037.91,92094.69,27274.01,26868.25,10529.67,36997.11,13029.66,9707.80,14108.53,16689.75,4215.04,33440.06,14908.49,4369.09,10235.36,6303.55,7122.67,6465.70,8285.96,980.86,1569623.88,871759.27,365771.12,279606.08,23190.42,64369.82,-1920.35,459367.76,2062144.12,3631768.00,,,,,,,,,,
Compensation of employees,2816.00,723.00,2813.00,346.00,692.00,300.00,1343.00,6436.00,4445.00,5128.00,6685.00,1331.00,4993.00,4291.00,116.00,1777.00,875.00,164.00,829.00,2553.00,1555.00,1814.00,790.00,653.00,1157.00,83.00,75.00,694.00,17.00,493.00,124.00,774.00,2312.00,424.00,1264.00,2122.00,675.00,1790.00,130.00,2228.00,682.00,2855.00,234.00,954.00,311.00,1334.00,751.00,504.00,2171.00,2391.00,163.00,3974.00,1223.00,2156.00,2640.00,1608.00,819.00,1303.00,2845.00,1176.00,337.00,3975.00,1268.00,692.00,1489.00,5354.00,301.00,3688.00,3161.00,8453.00,6607.00,15769.00,44124.00,45102.00,52215.00,5007.00,26392.00,16295.00,4958.00,1939.00,5610.00,4010.00,11040.00,2863.00,2137.00,2098.00,2977.00,8518.00,582.00,23285.00,7822.00,17510.00,5065.00,0.00,13944.00,73216.00,24051.00,49512.00,6828.00,50663.00,13888.00,17674.00,46562.00,30611.00,3388.00,59633.00,57054.00,1954.00,5126.00,2219.00,5730.00,3862.00,4868.00,9545.00,918895.00,0.00,0.00,0.00,0.00,0.00,0.00,0.00,0.00,918895.00,,,,,,,,,,
Gross operating surplus & mixed income,13428.00,4071.00,9630.00,416.00,1284.00,1064.00,1347.00,40245.00,53397.00,57073.00,7054.00,1677.00,2677.00,1947.00,216.00,962.00,191.00,202.00,227.00,227.00,993.00,2021.00,650.00,1105.00,705.00,73.00,184.00,435.00,5.00,121.00,53.00,623.00,1211.00,282.00,609.00,450.00,4621.00,2341.00,111.00,1256.00,1000.00,1359.00,130.00,579.00,337.00,1292.00,545.00,326.00,510.00,1319.00,164.00,1756.00,633.00,475.00,886.00,598.00,224.00,557.00,2850.00,612.00,221.00,1214.00,652.00,492.00,4619.00,12755.00,1589.00,10321.00,1511.00,10875.00,5888.00,14168.00,34238.00,24174.00,24046.00,2936.00,7678.00,7952.00,2212.00,3145.00,4123.00,2015.00,22587.00,1785.00,689.00,2185.00,4898.00,12660.00,863.00,90803.00,4530.00,12861.00,2807.00,143389.00,29329.00,24212.00,7613.00,4611.00,3456.00,8960.00,6277.00,2442.00,4819.00,3186.00,2527.00,14043.00,4635.00,2771.00,1503.00,1983.00,2885.00,2087.00,1724.00,1929.00,839209.00,0.00,0.00,0.00,0.00,0.00,0.00,0.00,0.00,839209.00,,,,,,,,,,
Taxes less subsidies on products,592.88,68.55,383.56,37.70,129.42,40.23,94.96,28.29,109.95,318.47,121.72,39.00,39.29,142.14,4.45,66.40,11.42,15.55,29.94,33.69,35.31,48.07,33.92,162.29,53.34,4.46,1.72,20.65,0.40,1.70,5.92,15.59,25.03,14.30,12.87,11.56,140.15,10.18,1.06,162.35,9.20,36.29,7.66,14.72,2.70,26.29,10.25,2.72,14.16,116.79,1.68,66.39,11.11,31.09,66.77,17.59,22.20,9.40,7.99,7.39,2.51,23.99,9.46,5.17,157.06,32.59,4.19,126.40,72.40,382.09,120.71,225.38,1578.55,252.99,367.40,401.80,2152.09,832.79,-40.01,64.27,134.33,295.21,306.36,28.22,25.20,5.88,4.08,701.81,1.30,1647.71,2459.63,215.63,359.40,3147.73,805.12,1432.95,238.54,408.92,338.56,149.30,135.69,175.85,223.24,494.88,50.24,132.16,99.38,11.03,34.81,60.57,124.90,26.90,80.84,13.59,24692.64,76974.82,0.00,24555.63,10.31,93.07,-536.72,465.24,101562.36,126255.00,,,,,,,,,,
Other taxes less subsidies on production,701.00,61.00,253.00,18.00,6.00,30.00,86.00,398.00,251.00,334.00,431.00,169.00,241.00,180.00,6.00,109.00,38.00,8.00,45.00,124.00,68.00,83.00,44.00,41.00,64.00,3.00,2.00,36.00,5.00,20.00,6.00,66.00,119.00,32.00,79.00,119.00,36.00,68.00,4.00,150.00,36.00,171.00,12.00,65.00,38.00,133.00,51.00,23.00,104.00,117.00,6.00,228.00,61.00,113.00,139.00,65.00,18.00,57.00,137.00,65.00,15.00,199.00,80.00,32.00,-1103.00,3693.00,157.00,358.00,194.00,757.00,443.00,584.00,2463.00,2572.00,3297.00,695.00,1585.00,1910.00,79.00,105.00,282.00,319.00,1003.00,147.00,155.00,123.00,123.00,206.00,23.00,4981.00,1275.00,1048.00,318.00,15765.00,4526.00,3233.00,1004.00,1979.00,314.00,1068.00,0.00,810.00,813.00,102.00,20.00,1626.00,1007.00,-199.00,243.00,181.00,445.00,168.00,289.00,636.00,68321.00,0.00,0.00,0.00,0.00,0.00,0.00,0.00,0.00,68321.00,,,,,,,,,,
Complementary imports,0.00,0.00,0.00,0.00,0.00,0.00,0.00,0.00,0.00,0.00,0.00,0.00,0.00,0.00,0.00,0.00,0.00,0.00,0.00,0.00,0.00,0.00,0.00,0.00,0.00,0.00,0.00,0.00,0.00,0.00,0.00,0.00,0.00,0.00,0.00,0.00,0.00,0.00,0.00,0.00,0.00,0.00,0.00,0.00,0.00,0.00,0.00,0.00,0.00,0.00,0.00,0.00,0.00,0.00,0.00,0.00,0.00,0.00,0.00,0.00,0.00,0.00,0.00,0.00,0.00,0.00,0.00,0.00,0.00,0.00,0.00,0.00,0.00,0.00,0.00,0.00,0.00,0.00,0.00,0.00,0.00,0.00,0.00,0.00,0.00,0.00,0.00,0.00,0.00,0.00,0.00,0.00,0.00,0.00,0.00,0.00,0.00,0.00,0.00,0.00,0.00,0.00,0.00,0.00,0.00,0.00,0.00,0.00,0.00,0.00,0.00,0.00,0.00,0.00,0.00,0.00,0.00,0.00,0.00,0.00,0.00,0.00,0.00,0.00,,,,,,,,,,
Competing imports,3012.10,343.16,1406.56,322.41,536.86,377.22,404.85,4501.04,1662.67,2762.67,4931.29,458.01,803.03,359.83,79.91,857.14,856.09,331.54,347.00,956.88,756.09,1501.03,604.51,239.75,233.32,11.80,53.70,259.62,0.61,171.63,113.58,60.95,566.30,356.55,991.19,892.13,11616.67,1808.72,355.62,1769.55,341.02,2560.15,143.39,397.41,99.86,617.80,389.60,186.31,691.31,6771.00,92.74,2722.56,668.18,1612.81,2572.25,897.57,1199.91,1208.99,2856.71,1071.08,276.94,2574.05,758.64,328.00,1162.25,1217.63,136.71,1101.63,933.88,7034.61,4594.21,4066.10,20688.20,7046.61,3348.87,960.59,3507.60,5958.33,836.23,424.01,5377.31,1400.36,817.83,748.75,827.61,1443.06,1042.19,3277.56,57.97,1110.24,1306.70,1563.03,802.68,514.52,937.97,5747.36,3475.46,2271.83,648.77,2005.59,2293.65,903.35,2838.23,3679.38,526.72,6209.77,3160.12,626.87,3285.84,1163.88,4776.43,3014.41,1267.20,174.55,211026.48,130768.92,5403.88,48837.28,1593.27,11444.11,1718.06,10977.00,210742.52,421769.00,,,,,,,,,,
Australian Production,44418.00,8764.00,26818.00,2091.00,4093.00,2956.00,8365.00,74698.00,78388.00,80588.00,50068.00,6666.00,16883.00,32947.00,1215.00,13982.00,4744.00,1822.00,5999.00,8183.00,8594.00,12448.00,5421.00,4415.00,6429.00,493.00,812.00,3001.00,44.00,1091.00,473.00,5009.00,9630.00,2811.00,6769.00,6364.00,23522.00,11312.00,773.00,13732.00,3099.00,13919.00,893.00,3679.00,1264.00,9512.00,3544.00,1939.00,10512.00,45479.00,815.00,17826.00,4293.00,7991.00,11294.00,5717.00,4885.00,5530.00,11067.00,5000.00,1318.00,13698.00,4768.00,2584.00,20991.00,53800.00,5528.00,23396.00,16611.00,97197.00,59119.00,73644.00,251941.00,140420.00,134413.00,18575.00,75384.00,61353.00,15715.00,12076.00,30255.00,15986.00,68779.00,8600.00,8566.00,10492.00,15853.00,60345.00,1972.00,147926.00,56596.00,58022.00,22912.00,213550.00,86580.00,199936.00,63656.00,85651.00,22115.00,99843.00,35624.00,31713.00,69364.00,54763.00,10727.00,115084.00,80864.00,9533.00,20428.00,11911.00,21084.00,15624.00,16515.00,13279.00,3631768.00,1079503.00,371175.00,352999.00,24794.00,75907.00,-739.00,470810.00,2374449.00,6006217.00,,,,,,,,,,
Value Added,16945.00,4855.00,12696.00,780.00,1982.00,1394.00,2776.00,47079.00,58093.00,62535.00,14170.00,3177.00,7911.00,6418.00,338.00,2848.00,1104.00,374.00,1101.00,2904.00,2616.00,3918.00,1484.00,1799.00,1926.00,159.00,261.00,1165.00,27.00,634.00,183.00,1463.00,3642.00,738.00,1952.00,2691.00,5332.00,4199.00,245.00,3634.00,1718.00,4385.00,376.00,1598.00,686.00,2759.00,1347.00,853.00,2785.00,3827.00,333.00,5958.00,1917.00,2744.00,3665.00,2271.00,1061.00,1917.00,5832.00,1853.00,573.00,5388.00,2000.00,1216.00,5005.00,21802.00,2047.00,14367.00,4866.00,20085.00,12938.00,30521.00,80825.00,71848.00,79558.00,8638.00,35655.00,26157.00,7249.00,5189.00,10015.00,6344.00,34630.00,4795.00,2981.00,4406.00,7998.00,21384.00,1468.00,119069.00,13627.00,31419.00,8190.00,159154.00,47799.00,100661.00,32668.00,56102.00,10598.00,60691.00,20165.00,20926.00,52194.00,33899.00,5935.00,75302.00,62696.00,4526.00,6872.00,4383.00,9060.00,6117.00,6881.00,12110.00,1826425.00,0.00,0.00,0.00,0.00,0.00,0.00,0.00,0.00,0.00,,,,,,,,,,
Employees,134501.00,30115.00,161434.00,5070.00,10831.00,8508.00,37689.00,39339.00,17950.00,36534.00,38491.00,21717.00,31564.00,60541.00,2410.00,21074.00,12594.00,1928.00,9260.00,57531.00,17373.00,23021.00,8777.00,6993.00,20923.00,1020.00,987.00,9953.00,644.00,9285.00,1524.00,9669.00,27850.00,3147.00,10703.00,27477.00,6124.00,16430.00,1032.00,21802.00,10329.00,31675.00,1724.00,9838.00,4613.00,14520.00,9824.00,6904.00,19238.00,17675.00,1584.00,60369.00,16773.00,33215.00,44479.00,13403.00,6324.00,17404.00,32028.00,14863.00,4435.00,49311.00,25857.00,13963.00,7363.00,33437.00,4255.00,36390.00,36316.00,146402.00,93114.00,119398.00,724478.00,541996.00,1071761.00,92632.00,708967.00,282442.00,41575.00,20835.00,41686.00,65370.00,165363.00,26311.00,30348.00,18439.00,26406.00,50717.00,2397.00,217399.00,48000.00,153457.00,83278.00,0.00,186513.00,907282.00,229960.00,578745.00,162566.00,445922.00,71614.00,178475.00,531986.00,278999.00,83897.00,841832.00,594276.00,50466.00,97538.00,31287.00,142011.00,71194.00,105149.00,144948.00,,,,,,,,,,,,,,,,,,,,